<?xml version="1.0" encoding="UTF-8"?>

<!DOCTYPE mapper PUBLIC "-//mybatis.org//DTD Mapper 3.0//EN" 
"http://mybatis.org/dtd/mybatis-3-mapper.dtd">
<mapper namespace="com.sgmp.web.dao.CompanyDAO">

	<select resultType="CompanyVO" id="selectCompanyList">SELECT user_id FROM user_table </select>

<select resultType="CompanyVO" id="company_search">SELECT user_id FROM user_table WHERE user_id LIKE '%' || #{user_id} || '%' </select>

<insert id="company_insert">INSERT INTO user_table(user_id, user_pw)VALUES (#{user_id},#{user_pw}) </insert>

<select resultType="CompanyVO" id="company_modify_info">SELECT user_id, user_pw FROM user_table WHERE user_id = #{user_id} </select>

<update id="company_modify">UPDATE user_table SET user_pw =#{user_pw} WHERE user_id = #{user_id} </update>

<select resultType="int" id="company_same_id">SELECT COUNT(*) FROM user_table WHERE user_id = #{user_id} </select>

<select id="selectMap" resultMap="selectMapList"> select * from user_table </select>


<resultMap id="selectMapList" type="map">
	
	<result property="ID" column="user_id"/>

</resultMap>
	
</mapper>