--------------------------------------------------------
--  파일이 생성됨 - 월요일-12월-16-2019   
--------------------------------------------------------
--------------------------------------------------------
--  DDL for Sequence CNO
--------------------------------------------------------

   CREATE SEQUENCE  "SGMP"."CNO"  MINVALUE 1 MAXVALUE 100000 INCREMENT BY 1 START WITH 61 CACHE 20 NOORDER  NOCYCLE ;
--------------------------------------------------------
--  DDL for Sequence NO_SEQ
--------------------------------------------------------

   CREATE SEQUENCE  "SGMP"."NO_SEQ"  MINVALUE 1 MAXVALUE 10000 INCREMENT BY 1 START WITH 21 CACHE 20 NOORDER  NOCYCLE ;
--------------------------------------------------------
--  DDL for Sequence NO_TICE_BID
--------------------------------------------------------

   CREATE SEQUENCE  "SGMP"."NO_TICE_BID"  MINVALUE 1 MAXVALUE 5000 INCREMENT BY 1 START WITH 41 CACHE 20 NOORDER  CYCLE ;
--------------------------------------------------------
--  DDL for Table CUSTOMER
--------------------------------------------------------

  CREATE TABLE "SGMP"."CUSTOMER" 
   (	"CUST_ID" VARCHAR2(11 BYTE), 
	"CUST_NAME" VARCHAR2(30 BYTE), 
	"CUST_ADDRESS" VARCHAR2(300 BYTE), 
	"CUST_DATE" DATE
   ) SEGMENT CREATION IMMEDIATE 
  PCTFREE 10 PCTUSED 40 INITRANS 1 MAXTRANS 255 NOCOMPRESS LOGGING
  STORAGE(INITIAL 65536 NEXT 1048576 MINEXTENTS 1 MAXEXTENTS 2147483645
  PCTINCREASE 0 FREELISTS 1 FREELIST GROUPS 1 BUFFER_POOL DEFAULT FLASH_CACHE DEFAULT CELL_FLASH_CACHE DEFAULT)
  TABLESPACE "SYSTEM" ;

   COMMENT ON COLUMN "SGMP"."CUSTOMER"."CUST_ID" IS '고객ID';
   COMMENT ON COLUMN "SGMP"."CUSTOMER"."CUST_NAME" IS '고객명';
   COMMENT ON COLUMN "SGMP"."CUSTOMER"."CUST_ADDRESS" IS '고객주소';
   COMMENT ON COLUMN "SGMP"."CUSTOMER"."CUST_DATE" IS '등록일';
--------------------------------------------------------
--  DDL for Table MENT
--------------------------------------------------------

  CREATE TABLE "SGMP"."MENT" 
   (	"NO_BID" NUMBER, 
	"MENT_ID" NUMBER, 
	"MENT_CONTENT" VARCHAR2(500 BYTE), 
	"MENT_WRITER" VARCHAR2(20 BYTE), 
	"MENT_DATE" DATE
   ) SEGMENT CREATION IMMEDIATE 
  PCTFREE 10 PCTUSED 40 INITRANS 1 MAXTRANS 255 NOCOMPRESS LOGGING
  STORAGE(INITIAL 65536 NEXT 1048576 MINEXTENTS 1 MAXEXTENTS 2147483645
  PCTINCREASE 0 FREELISTS 1 FREELIST GROUPS 1 BUFFER_POOL DEFAULT FLASH_CACHE DEFAULT CELL_FLASH_CACHE DEFAULT)
  TABLESPACE "SYSTEM" ;
--------------------------------------------------------
--  DDL for Table NOTICE
--------------------------------------------------------

  CREATE TABLE "SGMP"."NOTICE" 
   (	"NO_ROWNUM" NUMBER, 
	"NO_BID" VARCHAR2(40 BYTE), 
	"NO_NAME" VARCHAR2(2040 BYTE), 
	"NO_TITLE" VARCHAR2(100 BYTE), 
	"NO_CONTENT" VARCHAR2(1000 BYTE), 
	"NO_DATE" DATE, 
	"NO_HIT" NUMBER, 
	"NO_GROUP" VARCHAR2(50 BYTE), 
	"NO_STEP" VARCHAR2(50 BYTE), 
	"NO_INDENT" VARCHAR2(50 BYTE)
   ) SEGMENT CREATION IMMEDIATE 
  PCTFREE 10 PCTUSED 40 INITRANS 1 MAXTRANS 255 NOCOMPRESS LOGGING
  STORAGE(INITIAL 65536 NEXT 1048576 MINEXTENTS 1 MAXEXTENTS 2147483645
  PCTINCREASE 0 FREELISTS 1 FREELIST GROUPS 1 BUFFER_POOL DEFAULT FLASH_CACHE DEFAULT CELL_FLASH_CACHE DEFAULT)
  TABLESPACE "SYSTEM" ;

   COMMENT ON COLUMN "SGMP"."NOTICE"."NO_ROWNUM" IS '글번호';
   COMMENT ON COLUMN "SGMP"."NOTICE"."NO_BID" IS '사용자 ID';
   COMMENT ON COLUMN "SGMP"."NOTICE"."NO_NAME" IS '사용자 이름';
   COMMENT ON COLUMN "SGMP"."NOTICE"."NO_TITLE" IS '글 제목';
   COMMENT ON COLUMN "SGMP"."NOTICE"."NO_CONTENT" IS '글 내용';
   COMMENT ON COLUMN "SGMP"."NOTICE"."NO_DATE" IS '글 시간';
   COMMENT ON COLUMN "SGMP"."NOTICE"."NO_HIT" IS '조회수';
--------------------------------------------------------
--  DDL for Table PRODUCT
--------------------------------------------------------

  CREATE TABLE "SGMP"."PRODUCT" 
   (	"PROD_ID" VARCHAR2(30 BYTE), 
	"PROD_NAME" VARCHAR2(300 BYTE), 
	"PROD_CNT" NUMBER(10,0), 
	"PROD_PRICE" NUMBER(20,0), 
	"PROD_PIC" VARCHAR2(100 BYTE), 
	"PROD_MAIN_CATEGORY" VARCHAR2(50 BYTE), 
	"PROD_SUB_CATEGORY" VARCHAR2(50 BYTE), 
	"PROD_SSUB_CATEGORY" VARCHAR2(50 BYTE), 
	"PROD_DATE" DATE, 
	"PROD_WEARING_PRICE" NUMBER(20,0), 
	"PROD_CNT_MIN" NUMBER(10,0), 
	"PROD_FLAG" VARCHAR2(20 BYTE), 
	"PROD_MOD_DATE" DATE, 
	"COMPANY_ID" VARCHAR2(20 BYTE)
   ) SEGMENT CREATION IMMEDIATE 
  PCTFREE 10 PCTUSED 40 INITRANS 1 MAXTRANS 255 NOCOMPRESS LOGGING
  STORAGE(INITIAL 65536 NEXT 1048576 MINEXTENTS 1 MAXEXTENTS 2147483645
  PCTINCREASE 0 FREELISTS 1 FREELIST GROUPS 1 BUFFER_POOL DEFAULT FLASH_CACHE DEFAULT CELL_FLASH_CACHE DEFAULT)
  TABLESPACE "SYSTEM" ;

   COMMENT ON COLUMN "SGMP"."PRODUCT"."PROD_ID" IS '제품ID';
   COMMENT ON COLUMN "SGMP"."PRODUCT"."PROD_NAME" IS '제품명';
   COMMENT ON COLUMN "SGMP"."PRODUCT"."PROD_CNT" IS '제품재고수량';
   COMMENT ON COLUMN "SGMP"."PRODUCT"."PROD_PRICE" IS '제품판매가격';
   COMMENT ON COLUMN "SGMP"."PRODUCT"."PROD_PIC" IS '제품이미지경로';
   COMMENT ON COLUMN "SGMP"."PRODUCT"."PROD_MAIN_CATEGORY" IS '제품대분류';
   COMMENT ON COLUMN "SGMP"."PRODUCT"."PROD_SUB_CATEGORY" IS '제품중분류';
   COMMENT ON COLUMN "SGMP"."PRODUCT"."PROD_SSUB_CATEGORY" IS '제품소분류';
   COMMENT ON COLUMN "SGMP"."PRODUCT"."PROD_DATE" IS '등록일';
   COMMENT ON COLUMN "SGMP"."PRODUCT"."PROD_WEARING_PRICE" IS '제품입고가격';
   COMMENT ON COLUMN "SGMP"."PRODUCT"."PROD_CNT_MIN" IS '제품최소재고수량';
   COMMENT ON COLUMN "SGMP"."PRODUCT"."PROD_FLAG" IS '제품판매상태';
   COMMENT ON COLUMN "SGMP"."PRODUCT"."PROD_MOD_DATE" IS '제품최신정보수정일';
   COMMENT ON COLUMN "SGMP"."PRODUCT"."COMPANY_ID" IS '지점ID';
--------------------------------------------------------
--  DDL for Table PRODUCT_WEARING
--------------------------------------------------------

  CREATE TABLE "SGMP"."PRODUCT_WEARING" 
   (	"PROD_ID" VARCHAR2(30 BYTE), 
	"PROD_WEARING_DATE" DATE, 
	"PROD_WEARING_CNT" NUMBER(10,0), 
	"PROD_WEARING_CONDITION" VARCHAR2(30 BYTE), 
	"PROD_WEARING_COMPANY_ID" VARCHAR2(20 BYTE), 
	"PROD_WEARING_ID" VARCHAR2(30 BYTE), 
	"PROD_WEARING_FLG" VARCHAR2(20 BYTE), 
	"PROD_WEARING_RELEASE" VARCHAR2(20 BYTE)
   ) SEGMENT CREATION IMMEDIATE 
  PCTFREE 10 PCTUSED 40 INITRANS 1 MAXTRANS 255 NOCOMPRESS LOGGING
  STORAGE(INITIAL 65536 NEXT 1048576 MINEXTENTS 1 MAXEXTENTS 2147483645
  PCTINCREASE 0 FREELISTS 1 FREELIST GROUPS 1 BUFFER_POOL DEFAULT FLASH_CACHE DEFAULT CELL_FLASH_CACHE DEFAULT)
  TABLESPACE "SYSTEM" ;

   COMMENT ON COLUMN "SGMP"."PRODUCT_WEARING"."PROD_ID" IS '제품ID';
   COMMENT ON COLUMN "SGMP"."PRODUCT_WEARING"."PROD_WEARING_DATE" IS '제품주문일';
   COMMENT ON COLUMN "SGMP"."PRODUCT_WEARING"."PROD_WEARING_CNT" IS '제품입고수량';
   COMMENT ON COLUMN "SGMP"."PRODUCT_WEARING"."PROD_WEARING_CONDITION" IS '제품입고상태';
--------------------------------------------------------
--  DDL for Table PRODUCT_WEARING_TEMP
--------------------------------------------------------

  CREATE TABLE "SGMP"."PRODUCT_WEARING_TEMP" 
   (	"PROD_ID" VARCHAR2(30 BYTE), 
	"PROD_WEARING_CNT" NUMBER(10,0), 
	"PROD_WEARING_CONDITION" VARCHAR2(30 BYTE), 
	"PROD_WEARING_COMPANY_ID" VARCHAR2(30 BYTE)
   ) SEGMENT CREATION IMMEDIATE 
  PCTFREE 10 PCTUSED 40 INITRANS 1 MAXTRANS 255 NOCOMPRESS LOGGING
  STORAGE(INITIAL 65536 NEXT 1048576 MINEXTENTS 1 MAXEXTENTS 2147483645
  PCTINCREASE 0 FREELISTS 1 FREELIST GROUPS 1 BUFFER_POOL DEFAULT FLASH_CACHE DEFAULT CELL_FLASH_CACHE DEFAULT)
  TABLESPACE "SYSTEM" ;
--------------------------------------------------------
--  DDL for Table SALE
--------------------------------------------------------

  CREATE TABLE "SGMP"."SALE" 
   (	"SALE_ID" VARCHAR2(30 BYTE), 
	"PROD_ID" VARCHAR2(30 BYTE), 
	"CUST_ID" VARCHAR2(11 BYTE), 
	"SALE_CNT" NUMBER(10,0), 
	"SALE_DATE" DATE, 
	"COMPANY_ID" VARCHAR2(20 BYTE)
   ) SEGMENT CREATION IMMEDIATE 
  PCTFREE 10 PCTUSED 40 INITRANS 1 MAXTRANS 255 NOCOMPRESS LOGGING
  STORAGE(INITIAL 65536 NEXT 1048576 MINEXTENTS 1 MAXEXTENTS 2147483645
  PCTINCREASE 0 FREELISTS 1 FREELIST GROUPS 1 BUFFER_POOL DEFAULT FLASH_CACHE DEFAULT CELL_FLASH_CACHE DEFAULT)
  TABLESPACE "SYSTEM" ;

   COMMENT ON COLUMN "SGMP"."SALE"."SALE_ID" IS '판매ID';
   COMMENT ON COLUMN "SGMP"."SALE"."PROD_ID" IS '제품ID';
   COMMENT ON COLUMN "SGMP"."SALE"."CUST_ID" IS '고객ID';
   COMMENT ON COLUMN "SGMP"."SALE"."SALE_CNT" IS '판맨수량';
   COMMENT ON COLUMN "SGMP"."SALE"."SALE_DATE" IS '판매일';
   COMMENT ON COLUMN "SGMP"."SALE"."COMPANY_ID" IS '지점ID';
--------------------------------------------------------
--  DDL for Table SHOPPING_BASKET
--------------------------------------------------------

  CREATE TABLE "SGMP"."SHOPPING_BASKET" 
   (	"PROD_ID" VARCHAR2(30 BYTE), 
	"PROD_NAME" VARCHAR2(30 BYTE), 
	"PROD_PRICE" NUMBER(20,0), 
	"SB_CNT" NUMBER(10,0)
   ) SEGMENT CREATION IMMEDIATE 
  PCTFREE 10 PCTUSED 40 INITRANS 1 MAXTRANS 255 NOCOMPRESS LOGGING
  STORAGE(INITIAL 65536 NEXT 1048576 MINEXTENTS 1 MAXEXTENTS 2147483645
  PCTINCREASE 0 FREELISTS 1 FREELIST GROUPS 1 BUFFER_POOL DEFAULT FLASH_CACHE DEFAULT CELL_FLASH_CACHE DEFAULT)
  TABLESPACE "SYSTEM" ;

   COMMENT ON COLUMN "SGMP"."SHOPPING_BASKET"."PROD_ID" IS '제품ID';
   COMMENT ON COLUMN "SGMP"."SHOPPING_BASKET"."PROD_NAME" IS '제품명';
   COMMENT ON COLUMN "SGMP"."SHOPPING_BASKET"."PROD_PRICE" IS '제품가격';
   COMMENT ON COLUMN "SGMP"."SHOPPING_BASKET"."SB_CNT" IS '수량';
--------------------------------------------------------
--  DDL for Table USER_TABLE
--------------------------------------------------------

  CREATE TABLE "SGMP"."USER_TABLE" 
   (	"USER_ID" VARCHAR2(30 BYTE), 
	"USER_PW" VARCHAR2(30 BYTE)
   ) SEGMENT CREATION IMMEDIATE 
  PCTFREE 10 PCTUSED 40 INITRANS 1 MAXTRANS 255 NOCOMPRESS LOGGING
  STORAGE(INITIAL 65536 NEXT 1048576 MINEXTENTS 1 MAXEXTENTS 2147483645
  PCTINCREASE 0 FREELISTS 1 FREELIST GROUPS 1 BUFFER_POOL DEFAULT FLASH_CACHE DEFAULT CELL_FLASH_CACHE DEFAULT)
  TABLESPACE "SYSTEM" ;
REM INSERTING into SGMP.CUSTOMER
SET DEFINE OFF;
Insert into SGMP.CUSTOMER (CUST_ID,CUST_NAME,CUST_ADDRESS,CUST_DATE) values ('01025093726','오형록','서울시 도봉구 방학로 2가길 5',to_date('19/04/02','RR/MM/DD'));
Insert into SGMP.CUSTOMER (CUST_ID,CUST_NAME,CUST_ADDRESS,CUST_DATE) values ('01039394274','송유빈','서울시 노원구 중계동',to_date('19/04/02','RR/MM/DD'));
Insert into SGMP.CUSTOMER (CUST_ID,CUST_NAME,CUST_ADDRESS,CUST_DATE) values ('01012341234','홍길동','서울시 강남구 삼성동',to_date('19/06/04','RR/MM/DD'));
Insert into SGMP.CUSTOMER (CUST_ID,CUST_NAME,CUST_ADDRESS,CUST_DATE) values ('01023452345','홍길순','서울시 강남구 논현동',to_date('19/06/04','RR/MM/DD'));
Insert into SGMP.CUSTOMER (CUST_ID,CUST_NAME,CUST_ADDRESS,CUST_DATE) values ('9999','비회원','서울시 노원구 하계동',to_date('19/06/04','RR/MM/DD'));
Insert into SGMP.CUSTOMER (CUST_ID,CUST_NAME,CUST_ADDRESS,CUST_DATE) values ('01067896789','1','1',to_date('19/06/16','RR/MM/DD'));
Insert into SGMP.CUSTOMER (CUST_ID,CUST_NAME,CUST_ADDRESS,CUST_DATE) values ('123','asd','asd',to_date('19/06/16','RR/MM/DD'));
Insert into SGMP.CUSTOMER (CUST_ID,CUST_NAME,CUST_ADDRESS,CUST_DATE) values ('01045674567','ㅁㄴㅇ','ㅁㄴㅇ',to_date('19/06/16','RR/MM/DD'));
REM INSERTING into SGMP.MENT
SET DEFINE OFF;
Insert into SGMP.MENT (NO_BID,MENT_ID,MENT_CONTENT,MENT_WRITER,MENT_DATE) values (1,1,'나혼자 산다12asdㅁ','송유빈',to_date('19/11/02','RR/MM/DD'));
Insert into SGMP.MENT (NO_BID,MENT_ID,MENT_CONTENT,MENT_WRITER,MENT_DATE) values (1,30,'ㅁㄴㅇ','admin',to_date('19/12/04','RR/MM/DD'));
Insert into SGMP.MENT (NO_BID,MENT_ID,MENT_CONTENT,MENT_WRITER,MENT_DATE) values (1,28,'1','admin',to_date('19/12/04','RR/MM/DD'));
Insert into SGMP.MENT (NO_BID,MENT_ID,MENT_CONTENT,MENT_WRITER,MENT_DATE) values (1,29,'3','admin',to_date('19/12/04','RR/MM/DD'));
Insert into SGMP.MENT (NO_BID,MENT_ID,MENT_CONTENT,MENT_WRITER,MENT_DATE) values (1,31,'qwer ','admin',to_date('19/12/04','RR/MM/DD'));
Insert into SGMP.MENT (NO_BID,MENT_ID,MENT_CONTENT,MENT_WRITER,MENT_DATE) values (1,32,'ㅂㅈㄷㄱ ','admin',to_date('19/12/04','RR/MM/DD'));
Insert into SGMP.MENT (NO_BID,MENT_ID,MENT_CONTENT,MENT_WRITER,MENT_DATE) values (1,33,'123 ','admin',to_date('19/12/04','RR/MM/DD'));
Insert into SGMP.MENT (NO_BID,MENT_ID,MENT_CONTENT,MENT_WRITER,MENT_DATE) values (1,34,'123ㅂㅈㄷ ','admin',to_date('19/12/04','RR/MM/DD'));
Insert into SGMP.MENT (NO_BID,MENT_ID,MENT_CONTENT,MENT_WRITER,MENT_DATE) values (29,35,'ㅁ ','admin',to_date('19/12/04','RR/MM/DD'));
Insert into SGMP.MENT (NO_BID,MENT_ID,MENT_CONTENT,MENT_WRITER,MENT_DATE) values (29,41,'asd ','PRO_B',to_date('19/12/15','RR/MM/DD'));
REM INSERTING into SGMP.NOTICE
SET DEFINE OFF;
Insert into SGMP.NOTICE (NO_ROWNUM,NO_BID,NO_NAME,NO_TITLE,NO_CONTENT,NO_DATE,NO_HIT,NO_GROUP,NO_STEP,NO_INDENT) values (1,'1','오형록','ㅁㄴㅇ','ㅁㄴㅇ',to_date('19/10/23','RR/MM/DD'),289,'14','0','0');
Insert into SGMP.NOTICE (NO_ROWNUM,NO_BID,NO_NAME,NO_TITLE,NO_CONTENT,NO_DATE,NO_HIT,NO_GROUP,NO_STEP,NO_INDENT) values (2,'2','송유빈','시청각실 시간표','월요일은 개꿀',to_date('19/10/23','RR/MM/DD'),14,'15','0','0');
Insert into SGMP.NOTICE (NO_ROWNUM,NO_BID,NO_NAME,NO_TITLE,NO_CONTENT,NO_DATE,NO_HIT,NO_GROUP,NO_STEP,NO_INDENT) values (28,'28','송유빈','송유빈','송유빈',to_date('19/10/30','RR/MM/DD'),0,'28','0','0');
Insert into SGMP.NOTICE (NO_ROWNUM,NO_BID,NO_NAME,NO_TITLE,NO_CONTENT,NO_DATE,NO_HIT,NO_GROUP,NO_STEP,NO_INDENT) values (4,'4','적은사람 나야나','프로듀서 010','3304- 5202',to_date('19/10/23','RR/MM/DD'),6,'17','0','0');
Insert into SGMP.NOTICE (NO_ROWNUM,NO_BID,NO_NAME,NO_TITLE,NO_CONTENT,NO_DATE,NO_HIT,NO_GROUP,NO_STEP,NO_INDENT) values (5,'5','이름만 바꾸기','이사람이 나요','가단',to_date('19/10/23','RR/MM/DD'),15,'18','0','0');
Insert into SGMP.NOTICE (NO_ROWNUM,NO_BID,NO_NAME,NO_TITLE,NO_CONTENT,NO_DATE,NO_HIT,NO_GROUP,NO_STEP,NO_INDENT) values (29,'29','김용식','사오팔','안선아 교수님 수업이썽씀',to_date('19/10/31','RR/MM/DD'),9,'29','0','0');
Insert into SGMP.NOTICE (NO_ROWNUM,NO_BID,NO_NAME,NO_TITLE,NO_CONTENT,NO_DATE,NO_HIT,NO_GROUP,NO_STEP,NO_INDENT) values (7,'7','사회개발을의한 가렌의 정의','가렌','데마시아를 위해',to_date('19/10/30','RR/MM/DD'),0,'22','0','0');
Insert into SGMP.NOTICE (NO_ROWNUM,NO_BID,NO_NAME,NO_TITLE,NO_CONTENT,NO_DATE,NO_HIT,NO_GROUP,NO_STEP,NO_INDENT) values (8,'8','워윅의 냄새학개론','상남자워윅','피냄새가 난다.',to_date('19/10/30','RR/MM/DD'),5,'23','0','0');
Insert into SGMP.NOTICE (NO_ROWNUM,NO_BID,NO_NAME,NO_TITLE,NO_CONTENT,NO_DATE,NO_HIT,NO_GROUP,NO_STEP,NO_INDENT) values (9,'9','송유빈','야구용품의 정의','야구용품은 야구용품이다. 왜냐하면 야구용품이기 때문이다.',to_date('19/10/30','RR/MM/DD'),8,'24','0','0');
Insert into SGMP.NOTICE (NO_ROWNUM,NO_BID,NO_NAME,NO_TITLE,NO_CONTENT,NO_DATE,NO_HIT,NO_GROUP,NO_STEP,NO_INDENT) values (10,'10','박형석','야구용품 구매에 관한 건','야구용품은 축구용품과 비슷하지 않다. 왜냐하면 비슷하지 않기때문이다.',to_date('19/10/30','RR/MM/DD'),10,'25','0','0');
Insert into SGMP.NOTICE (NO_ROWNUM,NO_BID,NO_NAME,NO_TITLE,NO_CONTENT,NO_DATE,NO_HIT,NO_GROUP,NO_STEP,NO_INDENT) values (11,'11','벤자민','OSO2와 야구용품 거래의 건','야구용품의 매출 상승에따른 대기환경개선의 정도',to_date('19/10/30','RR/MM/DD'),0,'26','0','0');
Insert into SGMP.NOTICE (NO_ROWNUM,NO_BID,NO_NAME,NO_TITLE,NO_CONTENT,NO_DATE,NO_HIT,NO_GROUP,NO_STEP,NO_INDENT) values (12,'12','버튼','야구용품 매상','야구용품은 비싸다',to_date('19/10/30','RR/MM/DD'),1,'27','0','0');
Insert into SGMP.NOTICE (NO_ROWNUM,NO_BID,NO_NAME,NO_TITLE,NO_CONTENT,NO_DATE,NO_HIT,NO_GROUP,NO_STEP,NO_INDENT) values (3,'3','admin','asd','asd',to_date('19/12/15','RR/MM/DD'),0,'3','0','0');
Insert into SGMP.NOTICE (NO_ROWNUM,NO_BID,NO_NAME,NO_TITLE,NO_CONTENT,NO_DATE,NO_HIT,NO_GROUP,NO_STEP,NO_INDENT) values (6,'6','admin','asd','asd',to_date('19/12/15','RR/MM/DD'),1,'6','0','0');
Insert into SGMP.NOTICE (NO_ROWNUM,NO_BID,NO_NAME,NO_TITLE,NO_CONTENT,NO_DATE,NO_HIT,NO_GROUP,NO_STEP,NO_INDENT) values (13,'13','ㅁㄴㅇ','ㅁㄴㅇ','ㅁㄴㅇ',to_date('19/12/15','RR/MM/DD'),0,'13','0','0');
Insert into SGMP.NOTICE (NO_ROWNUM,NO_BID,NO_NAME,NO_TITLE,NO_CONTENT,NO_DATE,NO_HIT,NO_GROUP,NO_STEP,NO_INDENT) values (14,'14','ㅁㄴㅇ','ㅁㄴㅇ','ㅁㄴㅇ',to_date('19/12/15','RR/MM/DD'),0,'14','0','0');
Insert into SGMP.NOTICE (NO_ROWNUM,NO_BID,NO_NAME,NO_TITLE,NO_CONTENT,NO_DATE,NO_HIT,NO_GROUP,NO_STEP,NO_INDENT) values (15,'15','ㅁㄴㅇ','ㅁㄴㅇ','ㅁㄴㅇ',to_date('19/12/15','RR/MM/DD'),0,'15','0','0');
Insert into SGMP.NOTICE (NO_ROWNUM,NO_BID,NO_NAME,NO_TITLE,NO_CONTENT,NO_DATE,NO_HIT,NO_GROUP,NO_STEP,NO_INDENT) values (16,'16','ㄴㅇㄹ','ㄴㅇㄹ','ㄴㅇㄹ',to_date('19/12/15','RR/MM/DD'),0,'16','0','0');
Insert into SGMP.NOTICE (NO_ROWNUM,NO_BID,NO_NAME,NO_TITLE,NO_CONTENT,NO_DATE,NO_HIT,NO_GROUP,NO_STEP,NO_INDENT) values (17,'17','ㅁ','ㅁ','ㅁ',to_date('19/12/15','RR/MM/DD'),0,'17','0','0');
Insert into SGMP.NOTICE (NO_ROWNUM,NO_BID,NO_NAME,NO_TITLE,NO_CONTENT,NO_DATE,NO_HIT,NO_GROUP,NO_STEP,NO_INDENT) values (18,'18','ㄴ','ㄴ','ㄴ',to_date('19/12/15','RR/MM/DD'),0,'18','0','0');
Insert into SGMP.NOTICE (NO_ROWNUM,NO_BID,NO_NAME,NO_TITLE,NO_CONTENT,NO_DATE,NO_HIT,NO_GROUP,NO_STEP,NO_INDENT) values (19,'19','ㄴ','ㄴ','ㄴ',to_date('19/12/15','RR/MM/DD'),0,'19','0','0');
Insert into SGMP.NOTICE (NO_ROWNUM,NO_BID,NO_NAME,NO_TITLE,NO_CONTENT,NO_DATE,NO_HIT,NO_GROUP,NO_STEP,NO_INDENT) values (20,'20','ㅇ','ㄹ','ㄹ',to_date('19/12/15','RR/MM/DD'),0,'20','0','0');
Insert into SGMP.NOTICE (NO_ROWNUM,NO_BID,NO_NAME,NO_TITLE,NO_CONTENT,NO_DATE,NO_HIT,NO_GROUP,NO_STEP,NO_INDENT) values (21,'21','ㄹ','ㄹ','ㄹ',to_date('19/12/15','RR/MM/DD'),0,'21','0','0');
Insert into SGMP.NOTICE (NO_ROWNUM,NO_BID,NO_NAME,NO_TITLE,NO_CONTENT,NO_DATE,NO_HIT,NO_GROUP,NO_STEP,NO_INDENT) values (22,'22','ㅂ','ㅂ','ㅂ',to_date('19/12/15','RR/MM/DD'),0,'22','0','0');
Insert into SGMP.NOTICE (NO_ROWNUM,NO_BID,NO_NAME,NO_TITLE,NO_CONTENT,NO_DATE,NO_HIT,NO_GROUP,NO_STEP,NO_INDENT) values (23,'23','ㅈ','ㅈ','ㅈ',to_date('19/12/15','RR/MM/DD'),0,'23','0','0');
Insert into SGMP.NOTICE (NO_ROWNUM,NO_BID,NO_NAME,NO_TITLE,NO_CONTENT,NO_DATE,NO_HIT,NO_GROUP,NO_STEP,NO_INDENT) values (24,'24','ㅈ','ㅈ','ㅈ',to_date('19/12/15','RR/MM/DD'),0,'24','0','0');
Insert into SGMP.NOTICE (NO_ROWNUM,NO_BID,NO_NAME,NO_TITLE,NO_CONTENT,NO_DATE,NO_HIT,NO_GROUP,NO_STEP,NO_INDENT) values (25,'25','ㅈ','ㅈ','ㅈ',to_date('19/12/15','RR/MM/DD'),0,'25','0','0');
Insert into SGMP.NOTICE (NO_ROWNUM,NO_BID,NO_NAME,NO_TITLE,NO_CONTENT,NO_DATE,NO_HIT,NO_GROUP,NO_STEP,NO_INDENT) values (26,'26','ㄷ','ㄷ','ㄷ',to_date('19/12/15','RR/MM/DD'),0,'26','0','0');
Insert into SGMP.NOTICE (NO_ROWNUM,NO_BID,NO_NAME,NO_TITLE,NO_CONTENT,NO_DATE,NO_HIT,NO_GROUP,NO_STEP,NO_INDENT) values (27,'27','ㅂ','ㅂ','ㅂ',to_date('19/12/15','RR/MM/DD'),0,'27','0','0');
Insert into SGMP.NOTICE (NO_ROWNUM,NO_BID,NO_NAME,NO_TITLE,NO_CONTENT,NO_DATE,NO_HIT,NO_GROUP,NO_STEP,NO_INDENT) values (30,'30','ㅂ','ㅈ','ㄷ',to_date('19/12/15','RR/MM/DD'),0,'30','0','0');
Insert into SGMP.NOTICE (NO_ROWNUM,NO_BID,NO_NAME,NO_TITLE,NO_CONTENT,NO_DATE,NO_HIT,NO_GROUP,NO_STEP,NO_INDENT) values (31,'31','ㅂㅈㄷ','ㅂㅈㄷ','ㅂㅈㄷ',to_date('19/12/15','RR/MM/DD'),0,'31','0','0');
Insert into SGMP.NOTICE (NO_ROWNUM,NO_BID,NO_NAME,NO_TITLE,NO_CONTENT,NO_DATE,NO_HIT,NO_GROUP,NO_STEP,NO_INDENT) values (32,'32','ㄷㅂㅈ','ㄷㅂㅈ','ㄷㅈㅂ',to_date('19/12/15','RR/MM/DD'),0,'32','0','0');
Insert into SGMP.NOTICE (NO_ROWNUM,NO_BID,NO_NAME,NO_TITLE,NO_CONTENT,NO_DATE,NO_HIT,NO_GROUP,NO_STEP,NO_INDENT) values (33,'33','123','123','123',to_date('19/12/15','RR/MM/DD'),1,'33','0','0');
REM INSERTING into SGMP.PRODUCT
SET DEFINE OFF;
Insert into SGMP.PRODUCT (PROD_ID,PROD_NAME,PROD_CNT,PROD_PRICE,PROD_PIC,PROD_MAIN_CATEGORY,PROD_SUB_CATEGORY,PROD_SSUB_CATEGORY,PROD_DATE,PROD_WEARING_PRICE,PROD_CNT_MIN,PROD_FLAG,PROD_MOD_DATE,COMPANY_ID) values ('J040101','데상트 S7124WGL02 WTRD 배팅장갑 (화이트/레드)',232,19000,null,'장갑','베팅 장갑',null,to_date('19/10/15','RR/MM/DD'),15000,30,null,null,'PRO_A');
Insert into SGMP.PRODUCT (PROD_ID,PROD_NAME,PROD_CNT,PROD_PRICE,PROD_PIC,PROD_MAIN_CATEGORY,PROD_SUB_CATEGORY,PROD_SSUB_CATEGORY,PROD_DATE,PROD_WEARING_PRICE,PROD_CNT_MIN,PROD_FLAG,PROD_MOD_DATE,COMPANY_ID) values ('J040102','미즈노 330365RB 나이트호크 배팅장갑 (화이트/블루)',100,33000,null,'장갑','베팅 장갑',null,to_date('19/10/15','RR/MM/DD'),33000,30,null,null,'PRO_B');
Insert into SGMP.PRODUCT (PROD_ID,PROD_NAME,PROD_CNT,PROD_PRICE,PROD_PIC,PROD_MAIN_CATEGORY,PROD_SUB_CATEGORY,PROD_SSUB_CATEGORY,PROD_DATE,PROD_WEARING_PRICE,PROD_CNT_MIN,PROD_FLAG,PROD_MOD_DATE,COMPANY_ID) values ('J040201','미즈노 1EJED01962FRRD 프로 수비장갑 (레드)',100,24000,null,'장갑','수비 장갑',null,to_date('19/10/15','RR/MM/DD'),20000,30,null,null,'PRO_A');
Insert into SGMP.PRODUCT (PROD_ID,PROD_NAME,PROD_CNT,PROD_PRICE,PROD_PIC,PROD_MAIN_CATEGORY,PROD_SUB_CATEGORY,PROD_SSUB_CATEGORY,PROD_DATE,PROD_WEARING_PRICE,PROD_CNT_MIN,PROD_FLAG,PROD_MOD_DATE,COMPANY_ID) values ('J040202','BMC 2019 HRM-NXG 홈런맨 박병호 수비장갑 패드적용모델 (화이트/옐로우/버건디)',100,23000,null,'장갑','수비 장갑',null,to_date('19/10/15','RR/MM/DD'),20000,30,null,null,'PRO_B');
Insert into SGMP.PRODUCT (PROD_ID,PROD_NAME,PROD_CNT,PROD_PRICE,PROD_PIC,PROD_MAIN_CATEGORY,PROD_SUB_CATEGORY,PROD_SSUB_CATEGORY,PROD_DATE,PROD_WEARING_PRICE,PROD_CNT_MIN,PROD_FLAG,PROD_MOD_DATE,COMPANY_ID) values ('J040301','미즈노 프로 2EG91962 주루장갑',100,67000,null,'장갑','주루 장갑',null,to_date('19/10/15','RR/MM/DD'),60000,30,null,null,'PRO_A');
Insert into SGMP.PRODUCT (PROD_ID,PROD_NAME,PROD_CNT,PROD_PRICE,PROD_PIC,PROD_MAIN_CATEGORY,PROD_SUB_CATEGORY,PROD_SSUB_CATEGORY,PROD_DATE,PROD_WEARING_PRICE,PROD_CNT_MIN,PROD_FLAG,PROD_MOD_DATE,COMPANY_ID) values ('J040302','미즈노 프로주루용장갑 2EG91927 주루장갑',100,67000,null,'장갑','주루 장갑',null,to_date('19/10/15','RR/MM/DD'),60000,30,null,null,'PRO_B');
Insert into SGMP.PRODUCT (PROD_ID,PROD_NAME,PROD_CNT,PROD_PRICE,PROD_PIC,PROD_MAIN_CATEGORY,PROD_SUB_CATEGORY,PROD_SSUB_CATEGORY,PROD_DATE,PROD_WEARING_PRICE,PROD_CNT_MIN,PROD_FLAG,PROD_MOD_DATE,COMPANY_ID) values ('J040401','나이키 AC4227 017 얼티메이트 헤비웨이트 헬스장갑 (블랙)',100,28000,null,'장갑','트레이닝 장갑',null,to_date('19/08/11','RR/MM/DD'),23000,30,null,null,'PRO_A');
Insert into SGMP.PRODUCT (PROD_ID,PROD_NAME,PROD_CNT,PROD_PRICE,PROD_PIC,PROD_MAIN_CATEGORY,PROD_SUB_CATEGORY,PROD_SSUB_CATEGORY,PROD_DATE,PROD_WEARING_PRICE,PROD_CNT_MIN,PROD_FLAG,PROD_MOD_DATE,COMPANY_ID) values ('J040402','미즈노 1EJET00214NV 프로 트레이닝 배팅장갑 (네이비) ',100,53000,null,'장갑','트레이닝 장갑',null,to_date('19/08/11','RR/MM/DD'),50000,30,null,null,'PRO_B');
Insert into SGMP.PRODUCT (PROD_ID,PROD_NAME,PROD_CNT,PROD_PRICE,PROD_PIC,PROD_MAIN_CATEGORY,PROD_SUB_CATEGORY,PROD_SSUB_CATEGORY,PROD_DATE,PROD_WEARING_PRICE,PROD_CNT_MIN,PROD_FLAG,PROD_MOD_DATE,COMPANY_ID) values ('J040501','데상트 S8326WGL02 동계 방한 배팅장갑 (블랙)',100,35000,null,'장갑','동계 / 방한 장갑',null,to_date('19/08/11','RR/MM/DD'),28500,30,null,null,'PRO_A');
Insert into SGMP.PRODUCT (PROD_ID,PROD_NAME,PROD_CNT,PROD_PRICE,PROD_PIC,PROD_MAIN_CATEGORY,PROD_SUB_CATEGORY,PROD_SSUB_CATEGORY,PROD_DATE,PROD_WEARING_PRICE,PROD_CNT_MIN,PROD_FLAG,PROD_MOD_DATE,COMPANY_ID) values ('J040502','데상트 S8326WGL02 동계 방한 배팅장갑 (네이비)',100,28500,null,'장갑','동계 / 방한 장갑',null,to_date('19/08/11','RR/MM/DD'),26500,30,null,null,'PRO_B');
Insert into SGMP.PRODUCT (PROD_ID,PROD_NAME,PROD_CNT,PROD_PRICE,PROD_PIC,PROD_MAIN_CATEGORY,PROD_SUB_CATEGORY,PROD_SSUB_CATEGORY,PROD_DATE,PROD_WEARING_PRICE,PROD_CNT_MIN,PROD_FLAG,PROD_MOD_DATE,COMPANY_ID) values ('J040601','나이키 AC2113-635 플리스 스포츠 방한장갑',100,11900,null,'장갑','일반 및 일상용 장갑',null,to_date('19/08/11','RR/MM/DD'),10000,30,null,null,'PRO_A');
Insert into SGMP.PRODUCT (PROD_ID,PROD_NAME,PROD_CNT,PROD_PRICE,PROD_PIC,PROD_MAIN_CATEGORY,PROD_SUB_CATEGORY,PROD_SSUB_CATEGORY,PROD_DATE,PROD_WEARING_PRICE,PROD_CNT_MIN,PROD_FLAG,PROD_MOD_DATE,COMPANY_ID) values ('J040101','데상트 S7124WGL02 WTRD 배팅장갑 (화이트/레드)',1489,19000,null,'장갑','베팅 장갑',null,to_date('19/10/15','RR/MM/DD'),15000,30,null,null,'ROOT');
Insert into SGMP.PRODUCT (PROD_ID,PROD_NAME,PROD_CNT,PROD_PRICE,PROD_PIC,PROD_MAIN_CATEGORY,PROD_SUB_CATEGORY,PROD_SSUB_CATEGORY,PROD_DATE,PROD_WEARING_PRICE,PROD_CNT_MIN,PROD_FLAG,PROD_MOD_DATE,COMPANY_ID) values ('J040102','미즈노 330365RB 나이트호크 배팅장갑 (화이트/블루)',980,33000,null,'장갑','베팅 장갑',null,to_date('19/10/15','RR/MM/DD'),33000,30,null,null,'ROOT');
Insert into SGMP.PRODUCT (PROD_ID,PROD_NAME,PROD_CNT,PROD_PRICE,PROD_PIC,PROD_MAIN_CATEGORY,PROD_SUB_CATEGORY,PROD_SSUB_CATEGORY,PROD_DATE,PROD_WEARING_PRICE,PROD_CNT_MIN,PROD_FLAG,PROD_MOD_DATE,COMPANY_ID) values ('J040201','미즈노 1EJED01962FRRD 프로 수비장갑 (레드)',1000,24000,null,'장갑','수비 장갑',null,to_date('19/10/15','RR/MM/DD'),20000,30,null,null,'ROOT');
Insert into SGMP.PRODUCT (PROD_ID,PROD_NAME,PROD_CNT,PROD_PRICE,PROD_PIC,PROD_MAIN_CATEGORY,PROD_SUB_CATEGORY,PROD_SSUB_CATEGORY,PROD_DATE,PROD_WEARING_PRICE,PROD_CNT_MIN,PROD_FLAG,PROD_MOD_DATE,COMPANY_ID) values ('J040202','BMC 2019 HRM-NXG 홈런맨 박병호 수비장갑 패드적용모델 (화이트/옐로우/버건디)',1000,23000,null,'장갑','수비 장갑',null,to_date('19/10/15','RR/MM/DD'),20000,30,null,null,'ROOT');
Insert into SGMP.PRODUCT (PROD_ID,PROD_NAME,PROD_CNT,PROD_PRICE,PROD_PIC,PROD_MAIN_CATEGORY,PROD_SUB_CATEGORY,PROD_SSUB_CATEGORY,PROD_DATE,PROD_WEARING_PRICE,PROD_CNT_MIN,PROD_FLAG,PROD_MOD_DATE,COMPANY_ID) values ('J040301','미즈노 프로 2EG91962 주루장갑',1000,67000,null,'장갑','주루 장갑',null,to_date('19/10/15','RR/MM/DD'),60000,30,null,null,'ROOT');
Insert into SGMP.PRODUCT (PROD_ID,PROD_NAME,PROD_CNT,PROD_PRICE,PROD_PIC,PROD_MAIN_CATEGORY,PROD_SUB_CATEGORY,PROD_SSUB_CATEGORY,PROD_DATE,PROD_WEARING_PRICE,PROD_CNT_MIN,PROD_FLAG,PROD_MOD_DATE,COMPANY_ID) values ('J040302','미즈노 프로주루용장갑 2EG91927 주루장갑',1000,67000,null,'장갑','주루 장갑',null,to_date('19/10/15','RR/MM/DD'),60000,30,null,null,'ROOT');
Insert into SGMP.PRODUCT (PROD_ID,PROD_NAME,PROD_CNT,PROD_PRICE,PROD_PIC,PROD_MAIN_CATEGORY,PROD_SUB_CATEGORY,PROD_SSUB_CATEGORY,PROD_DATE,PROD_WEARING_PRICE,PROD_CNT_MIN,PROD_FLAG,PROD_MOD_DATE,COMPANY_ID) values ('J040401','나이키 AC4227 017 얼티메이트 헤비웨이트 헬스장갑 (블랙)',1000,28000,null,'장갑','트레이닝 장갑',null,to_date('19/08/11','RR/MM/DD'),23000,30,null,null,'ROOT');
Insert into SGMP.PRODUCT (PROD_ID,PROD_NAME,PROD_CNT,PROD_PRICE,PROD_PIC,PROD_MAIN_CATEGORY,PROD_SUB_CATEGORY,PROD_SSUB_CATEGORY,PROD_DATE,PROD_WEARING_PRICE,PROD_CNT_MIN,PROD_FLAG,PROD_MOD_DATE,COMPANY_ID) values ('J040402','미즈노 1EJET00214NV 프로 트레이닝 배팅장갑 (네이비) ',1000,53000,null,'장갑','트레이닝 장갑',null,to_date('19/08/11','RR/MM/DD'),50000,30,null,null,'ROOT');
Insert into SGMP.PRODUCT (PROD_ID,PROD_NAME,PROD_CNT,PROD_PRICE,PROD_PIC,PROD_MAIN_CATEGORY,PROD_SUB_CATEGORY,PROD_SSUB_CATEGORY,PROD_DATE,PROD_WEARING_PRICE,PROD_CNT_MIN,PROD_FLAG,PROD_MOD_DATE,COMPANY_ID) values ('J040501','데상트 S8326WGL02 동계 방한 배팅장갑 (블랙)',1000,35000,null,'장갑','동계 / 방한 장갑',null,to_date('19/08/11','RR/MM/DD'),28500,30,null,null,'ROOT');
Insert into SGMP.PRODUCT (PROD_ID,PROD_NAME,PROD_CNT,PROD_PRICE,PROD_PIC,PROD_MAIN_CATEGORY,PROD_SUB_CATEGORY,PROD_SSUB_CATEGORY,PROD_DATE,PROD_WEARING_PRICE,PROD_CNT_MIN,PROD_FLAG,PROD_MOD_DATE,COMPANY_ID) values ('J040502','데상트 S8326WGL02 동계 방한 배팅장갑 (네이비)',1000,28500,null,'장갑','동계 / 방한 장갑',null,to_date('19/08/11','RR/MM/DD'),26500,30,null,null,'ROOT');
Insert into SGMP.PRODUCT (PROD_ID,PROD_NAME,PROD_CNT,PROD_PRICE,PROD_PIC,PROD_MAIN_CATEGORY,PROD_SUB_CATEGORY,PROD_SSUB_CATEGORY,PROD_DATE,PROD_WEARING_PRICE,PROD_CNT_MIN,PROD_FLAG,PROD_MOD_DATE,COMPANY_ID) values ('J040601','나이키 AC2113-635 플리스 스포츠 방한장갑',1000,11900,null,'장갑','일반 및 일상용 장갑',null,to_date('19/08/11','RR/MM/DD'),10000,30,null,null,'ROOT');
Insert into SGMP.PRODUCT (PROD_ID,PROD_NAME,PROD_CNT,PROD_PRICE,PROD_PIC,PROD_MAIN_CATEGORY,PROD_SUB_CATEGORY,PROD_SSUB_CATEGORY,PROD_DATE,PROD_WEARING_PRICE,PROD_CNT_MIN,PROD_FLAG,PROD_MOD_DATE,COMPANY_ID) values ('B030702','리자드스킨 MOOKIE 무키베츠 배트랩 0.5mm',1000,16800,null,'배트','배트 기타 관련용품',null,to_date('19/10/15','RR/MM/DD'),15000,30,null,null,'ROOT');
Insert into SGMP.PRODUCT (PROD_ID,PROD_NAME,PROD_CNT,PROD_PRICE,PROD_PIC,PROD_MAIN_CATEGORY,PROD_SUB_CATEGORY,PROD_SSUB_CATEGORY,PROD_DATE,PROD_WEARING_PRICE,PROD_CNT_MIN,PROD_FLAG,PROD_MOD_DATE,COMPANY_ID) values ('G020402','윌슨 2020 A900 WTA09RB20125 12.5인치 외야 야구글러브 (브라운/블랙)',1000,95000,null,'글러브','외야수',null,to_date('19/10/05','RR/MM/DD'),80000,30,null,null,'ROOT');
Insert into SGMP.PRODUCT (PROD_ID,PROD_NAME,PROD_CNT,PROD_PRICE,PROD_PIC,PROD_MAIN_CATEGORY,PROD_SUB_CATEGORY,PROD_SSUB_CATEGORY,PROD_DATE,PROD_WEARING_PRICE,PROD_CNT_MIN,PROD_FLAG,PROD_MOD_DATE,COMPANY_ID) values ('G020501','윌슨 2020 A900 WTA09RB20BM12 12인치 1루 야구글러브 (브라운/블랙)',1000,95000,null,'글러브','1루미트',null,to_date('19/10/05','RR/MM/DD'),90000,30,null,null,'ROOT');
Insert into SGMP.PRODUCT (PROD_ID,PROD_NAME,PROD_CNT,PROD_PRICE,PROD_PIC,PROD_MAIN_CATEGORY,PROD_SUB_CATEGORY,PROD_SSUB_CATEGORY,PROD_DATE,PROD_WEARING_PRICE,PROD_CNT_MIN,PROD_FLAG,PROD_MOD_DATE,COMPANY_ID) values ('G020502','BMC 2019 MD-S103 미다스 프로 시리즈 1루 야구글러브 (블랙)',1000,149000,null,'글러브','1루미트',null,to_date('19/10/05','RR/MM/DD'),130000,30,null,null,'ROOT');
Insert into SGMP.PRODUCT (PROD_ID,PROD_NAME,PROD_CNT,PROD_PRICE,PROD_PIC,PROD_MAIN_CATEGORY,PROD_SUB_CATEGORY,PROD_SSUB_CATEGORY,PROD_DATE,PROD_WEARING_PRICE,PROD_CNT_MIN,PROD_FLAG,PROD_MOD_DATE,COMPANY_ID) values ('G020601','하타케야마 2019 KSPO PRO-222 스페셜오더 포수미트 (네이비/블랙/탄)',1000,804000,null,'글러브','포수미트',null,to_date('19/10/05','RR/MM/DD'),750000,30,null,null,'ROOT');
Insert into SGMP.PRODUCT (PROD_ID,PROD_NAME,PROD_CNT,PROD_PRICE,PROD_PIC,PROD_MAIN_CATEGORY,PROD_SUB_CATEGORY,PROD_SSUB_CATEGORY,PROD_DATE,PROD_WEARING_PRICE,PROD_CNT_MIN,PROD_FLAG,PROD_MOD_DATE,COMPANY_ID) values ('G020602','하타케야마 2019 KSPO PRO-M8 스페셜오더 포수미트 (브라운/블랙)',1000,804000,null,'글러브','포수미트',null,to_date('19/10/05','RR/MM/DD'),750000,30,null,null,'ROOT');
Insert into SGMP.PRODUCT (PROD_ID,PROD_NAME,PROD_CNT,PROD_PRICE,PROD_PIC,PROD_MAIN_CATEGORY,PROD_SUB_CATEGORY,PROD_SSUB_CATEGORY,PROD_DATE,PROD_WEARING_PRICE,PROD_CNT_MIN,PROD_FLAG,PROD_MOD_DATE,COMPANY_ID) values ('G020701','윌슨 2020 A1000 WTA10RB20KP92 12.5인치 외야 야구글러브 (초코브라운/블랙)',1000,125000,null,'글러브','좌투 글러브',null,to_date('19/09/29','RR/MM/DD'),100000,30,null,null,'ROOT');
Insert into SGMP.PRODUCT (PROD_ID,PROD_NAME,PROD_CNT,PROD_PRICE,PROD_PIC,PROD_MAIN_CATEGORY,PROD_SUB_CATEGORY,PROD_SSUB_CATEGORY,PROD_DATE,PROD_WEARING_PRICE,PROD_CNT_MIN,PROD_FLAG,PROD_MOD_DATE,COMPANY_ID) values ('G020702','윌슨 2020 A1000 WTA10RB201789 11.5인치 내야 야구글러브 (블랙/카멜)',1000,125000,null,'글러브','좌투 글러브',null,to_date('19/09/29','RR/MM/DD'),100000,30,null,null,'ROOT');
Insert into SGMP.PRODUCT (PROD_ID,PROD_NAME,PROD_CNT,PROD_PRICE,PROD_PIC,PROD_MAIN_CATEGORY,PROD_SUB_CATEGORY,PROD_SSUB_CATEGORY,PROD_DATE,PROD_WEARING_PRICE,PROD_CNT_MIN,PROD_FLAG,PROD_MOD_DATE,COMPANY_ID) values ('G020801','스킬즈 SH01-000-04 소프트핸즈',1000,19000,null,'글러브','트레이닝 및 기타 글러브',null,to_date('19/09/29','RR/MM/DD'),15000,30,null,null,'ROOT');
Insert into SGMP.PRODUCT (PROD_ID,PROD_NAME,PROD_CNT,PROD_PRICE,PROD_PIC,PROD_MAIN_CATEGORY,PROD_SUB_CATEGORY,PROD_SSUB_CATEGORY,PROD_DATE,PROD_WEARING_PRICE,PROD_CNT_MIN,PROD_FLAG,PROD_MOD_DATE,COMPANY_ID) values ('G020802','글러브웍스 GW 2019 머쉬타쉬 콧수염 팬케이크 트레이닝글러브 (블랙)',1000,75000,null,'글러브','트레이닝 및 기타 글러브기',null,to_date('19/09/29','RR/MM/DD'),70000,30,null,null,'ROOT');
Insert into SGMP.PRODUCT (PROD_ID,PROD_NAME,PROD_CNT,PROD_PRICE,PROD_PIC,PROD_MAIN_CATEGORY,PROD_SUB_CATEGORY,PROD_SSUB_CATEGORY,PROD_DATE,PROD_WEARING_PRICE,PROD_CNT_MIN,PROD_FLAG,PROD_MOD_DATE,COMPANY_ID) values ('G020901','윌슨 프리미엄 글러브 오일 WTA6764',1000,3800,null,'글러브','글러브 기타 관련용품',null,to_date('19/09/29','RR/MM/DD'),3000,30,null,null,'ROOT');
Insert into SGMP.PRODUCT (PROD_ID,PROD_NAME,PROD_CNT,PROD_PRICE,PROD_PIC,PROD_MAIN_CATEGORY,PROD_SUB_CATEGORY,PROD_SSUB_CATEGORY,PROD_DATE,PROD_WEARING_PRICE,PROD_CNT_MIN,PROD_FLAG,PROD_MOD_DATE,COMPANY_ID) values ('G020902','이스턴 레이싱 킷',1000,11200,null,'글러브','글러브 기타 관련용품 ',null,to_date('19/09/29','RR/MM/DD'),10000,30,null,null,'ROOT');
Insert into SGMP.PRODUCT (PROD_ID,PROD_NAME,PROD_CNT,PROD_PRICE,PROD_PIC,PROD_MAIN_CATEGORY,PROD_SUB_CATEGORY,PROD_SSUB_CATEGORY,PROD_DATE,PROD_WEARING_PRICE,PROD_CNT_MIN,PROD_FLAG,PROD_MOD_DATE,COMPANY_ID) values ('B030101','윌슨 드마리니 2020 WTDXVB5 VOODOO 투피스 하이브리드 야구배트 (화이트/레드)',970,270000,null,'배트','알루미늄 배트',null,to_date('19/09/29','RR/MM/DD'),240000,30,null,null,'ROOT');
Insert into SGMP.PRODUCT (PROD_ID,PROD_NAME,PROD_CNT,PROD_PRICE,PROD_PIC,PROD_MAIN_CATEGORY,PROD_SUB_CATEGORY,PROD_SSUB_CATEGORY,PROD_DATE,PROD_WEARING_PRICE,PROD_CNT_MIN,PROD_FLAG,PROD_MOD_DATE,COMPANY_ID) values ('B030102','TPX 루이빌슬러거 OMAHA IKBO5165 오마하 배트',1000,189000,null,'배트','알루미늄 배트',null,to_date('19/09/29','RR/MM/DD'),167000,30,null,null,'ROOT');
Insert into SGMP.PRODUCT (PROD_ID,PROD_NAME,PROD_CNT,PROD_PRICE,PROD_PIC,PROD_MAIN_CATEGORY,PROD_SUB_CATEGORY,PROD_SSUB_CATEGORY,PROD_DATE,PROD_WEARING_PRICE,PROD_CNT_MIN,PROD_FLAG,PROD_MOD_DATE,COMPANY_ID) values ('B030201','윌슨 드마리니 2020 WTDXC8Z/WTDXCB5 CF ZEN 투피스 컴포짓 야구배트 (블랙/옐로우)',1000,320000,null,'배트','컴포짓, 카본 배트',null,to_date('19/08/11','RR/MM/DD'),300000,30,null,null,'ROOT');
Insert into SGMP.PRODUCT (PROD_ID,PROD_NAME,PROD_CNT,PROD_PRICE,PROD_PIC,PROD_MAIN_CATEGORY,PROD_SUB_CATEGORY,PROD_SSUB_CATEGORY,PROD_DATE,PROD_WEARING_PRICE,PROD_CNT_MIN,PROD_FLAG,PROD_MOD_DATE,COMPANY_ID) values ('B030202','샘퍼니 GOVERN 2016 DNA SERIES 풀카본 배트 (박용택)',1000,290000,null,'배트','컴포지, 카본 배트',null,to_date('19/08/11','RR/MM/DD'),290000,30,null,null,'ROOT');
Insert into SGMP.PRODUCT (PROD_ID,PROD_NAME,PROD_CNT,PROD_PRICE,PROD_PIC,PROD_MAIN_CATEGORY,PROD_SUB_CATEGORY,PROD_SSUB_CATEGORY,PROD_DATE,PROD_WEARING_PRICE,PROD_CNT_MIN,PROD_FLAG,PROD_MOD_DATE,COMPANY_ID) values ('B030301','제트 BKT1450 연식 경식 겸용 펑고배트 (91cm/580g)',1000,99000,null,'배트','펑고 배트',null,to_date('19/08/11','RR/MM/DD'),90000,30,null,null,'ROOT');
Insert into SGMP.PRODUCT (PROD_ID,PROD_NAME,PROD_CNT,PROD_PRICE,PROD_PIC,PROD_MAIN_CATEGORY,PROD_SUB_CATEGORY,PROD_SSUB_CATEGORY,PROD_DATE,PROD_WEARING_PRICE,PROD_CNT_MIN,PROD_FLAG,PROD_MOD_DATE,COMPANY_ID) values ('B030302','윌슨 드마리니 펑고배트 WTDXFUN 2235-7 (35/22)',1000,89000,null,'배트','펑고 배트',null,to_date('19/08/11','RR/MM/DD'),78000,30,null,null,'ROOT');
Insert into SGMP.PRODUCT (PROD_ID,PROD_NAME,PROD_CNT,PROD_PRICE,PROD_PIC,PROD_MAIN_CATEGORY,PROD_SUB_CATEGORY,PROD_SSUB_CATEGORY,PROD_DATE,PROD_WEARING_PRICE,PROD_CNT_MIN,PROD_FLAG,PROD_MOD_DATE,COMPANY_ID) values ('B030401','바움 컴포짓 나무 배트 (블랙)',1000,300000,null,'배트','나무 배트',null,to_date('19/08/11','RR/MM/DD'),278000,30,null,null,'ROOT');
Insert into SGMP.PRODUCT (PROD_ID,PROD_NAME,PROD_CNT,PROD_PRICE,PROD_PIC,PROD_MAIN_CATEGORY,PROD_SUB_CATEGORY,PROD_SSUB_CATEGORY,PROD_DATE,PROD_WEARING_PRICE,PROD_CNT_MIN,PROD_FLAG,PROD_MOD_DATE,COMPANY_ID) values ('B030702','리자드스킨 MOOKIE 무키베츠 배트랩 0.5mm',100,16800,null,'배트','배트 기타 관련용품',null,to_date('19/10/15','RR/MM/DD'),15000,30,null,null,'PRO_B');
Insert into SGMP.PRODUCT (PROD_ID,PROD_NAME,PROD_CNT,PROD_PRICE,PROD_PIC,PROD_MAIN_CATEGORY,PROD_SUB_CATEGORY,PROD_SSUB_CATEGORY,PROD_DATE,PROD_WEARING_PRICE,PROD_CNT_MIN,PROD_FLAG,PROD_MOD_DATE,COMPANY_ID) values ('B030402','제트 BWT30984 프로스테이터스 메이플 나무배트 (84cm/800g)',1000,141120,null,'배트','나무 배트',null,to_date('19/08/11','RR/MM/DD'),137000,30,null,null,'ROOT');
Insert into SGMP.PRODUCT (PROD_ID,PROD_NAME,PROD_CNT,PROD_PRICE,PROD_PIC,PROD_MAIN_CATEGORY,PROD_SUB_CATEGORY,PROD_SSUB_CATEGORY,PROD_DATE,PROD_WEARING_PRICE,PROD_CNT_MIN,PROD_FLAG,PROD_MOD_DATE,COMPANY_ID) values ('B030501','벨가드 포인트 트레이닝 배트',1000,55000,null,'배트','트레이닝 배트',null,to_date('19/08/11','RR/MM/DD'),50000,30,null,null,'ROOT');
Insert into SGMP.PRODUCT (PROD_ID,PROD_NAME,PROD_CNT,PROD_PRICE,PROD_PIC,PROD_MAIN_CATEGORY,PROD_SUB_CATEGORY,PROD_SSUB_CATEGORY,PROD_DATE,PROD_WEARING_PRICE,PROD_CNT_MIN,PROD_FLAG,PROD_MOD_DATE,COMPANY_ID) values ('B030502','스킬즈 Power stick 30인치 30온스 트레이닝 파워스틱 ',1000,45000,null,'배트','트레이닝 배트',null,to_date('19/10/15','RR/MM/DD'),40000,30,null,null,'ROOT');
Insert into SGMP.PRODUCT (PROD_ID,PROD_NAME,PROD_CNT,PROD_PRICE,PROD_PIC,PROD_MAIN_CATEGORY,PROD_SUB_CATEGORY,PROD_SSUB_CATEGORY,PROD_DATE,PROD_WEARING_PRICE,PROD_CNT_MIN,PROD_FLAG,PROD_MOD_DATE,COMPANY_ID) values ('U010102','사사키 2019 SLY01-H PRIME 11.25인치 유소년 내야 야구글러브 (블랙/레드)',1000,192000,null,'유소년','유소년 글러브',null,to_date('19/10/01','RR/MM/DD'),182000,30,null,null,'ROOT');
Insert into SGMP.PRODUCT (PROD_ID,PROD_NAME,PROD_CNT,PROD_PRICE,PROD_PIC,PROD_MAIN_CATEGORY,PROD_SUB_CATEGORY,PROD_SSUB_CATEGORY,PROD_DATE,PROD_WEARING_PRICE,PROD_CNT_MIN,PROD_FLAG,PROD_MOD_DATE,COMPANY_ID) values ('U010201','윌슨 드마리니 2020 WTDXUFX CF ZEN USA 유소년 컴포짓 야구배트 -10(블랙/블루)',1000,300000,null,'유소년','유소년 배트',null,to_date('19/10/01','RR/MM/DD'),295000,30,null,null,'ROOT');
Insert into SGMP.PRODUCT (PROD_ID,PROD_NAME,PROD_CNT,PROD_PRICE,PROD_PIC,PROD_MAIN_CATEGORY,PROD_SUB_CATEGORY,PROD_SSUB_CATEGORY,PROD_DATE,PROD_WEARING_PRICE,PROD_CNT_MIN,PROD_FLAG,PROD_MOD_DATE,COMPANY_ID) values ('U010202','윌슨 드마리니 2020 WTDXVOZ-20 VOODOO ONE 유소년 알루미늄 야구배트 (화이트)',1000,230000,null,'유소년','유소년 배트',null,to_date('19/10/01','RR/MM/DD'),215600,30,null,null,'ROOT');
Insert into SGMP.PRODUCT (PROD_ID,PROD_NAME,PROD_CNT,PROD_PRICE,PROD_PIC,PROD_MAIN_CATEGORY,PROD_SUB_CATEGORY,PROD_SSUB_CATEGORY,PROD_DATE,PROD_WEARING_PRICE,PROD_CNT_MIN,PROD_FLAG,PROD_MOD_DATE,COMPANY_ID) values ('U010301','BMC 2019 KBO-KIA2 유소년 고강도 신소재 배팅장갑 (화이트/블루)',1000,15000,null,'유소년','유소년 장갑',null,to_date('19/10/01','RR/MM/DD'),13000,30,null,null,'ROOT');
Insert into SGMP.PRODUCT (PROD_ID,PROD_NAME,PROD_CNT,PROD_PRICE,PROD_PIC,PROD_MAIN_CATEGORY,PROD_SUB_CATEGORY,PROD_SSUB_CATEGORY,PROD_DATE,PROD_WEARING_PRICE,PROD_CNT_MIN,PROD_FLAG,PROD_MOD_DATE,COMPANY_ID) values ('U010302','BMC 2019 KBO-KIB2 유소년 고강도 신소재 배팅장갑 (화이트/레드)',1000,15000,null,'유소년','유소년 장갑',null,to_date('19/10/01','RR/MM/DD'),13000,30,null,null,'ROOT');
Insert into SGMP.PRODUCT (PROD_ID,PROD_NAME,PROD_CNT,PROD_PRICE,PROD_PIC,PROD_MAIN_CATEGORY,PROD_SUB_CATEGORY,PROD_SSUB_CATEGORY,PROD_DATE,PROD_WEARING_PRICE,PROD_CNT_MIN,PROD_FLAG,PROD_MOD_DATE,COMPANY_ID) values ('U010401','뉴발란스 TJ80AW1 인조잔디화 (화이트)',1000,79000,null,'유소년','유소년 신발',null,to_date('19/10/01','RR/MM/DD'),68000,30,null,null,'ROOT');
Insert into SGMP.PRODUCT (PROD_ID,PROD_NAME,PROD_CNT,PROD_PRICE,PROD_PIC,PROD_MAIN_CATEGORY,PROD_SUB_CATEGORY,PROD_SSUB_CATEGORY,PROD_DATE,PROD_WEARING_PRICE,PROD_CNT_MIN,PROD_FLAG,PROD_MOD_DATE,COMPANY_ID) values ('U010402','뉴발란스 TJ80AK1 인조잔디화 (블랙)',1000,79000,null,'유소년','유소년 신발',null,to_date('19/10/01','RR/MM/DD'),70000,30,null,null,'ROOT');
Insert into SGMP.PRODUCT (PROD_ID,PROD_NAME,PROD_CNT,PROD_PRICE,PROD_PIC,PROD_MAIN_CATEGORY,PROD_SUB_CATEGORY,PROD_SSUB_CATEGORY,PROD_DATE,PROD_WEARING_PRICE,PROD_CNT_MIN,PROD_FLAG,PROD_MOD_DATE,COMPANY_ID) values ('U010501','스카이라인 POK-L47S 12인치 연식/가죽 소프트볼',1000,8750,null,'유소년','유소년 야구공',null,to_date('19/10/01','RR/MM/DD'),8000,30,null,null,'ROOT');
Insert into SGMP.PRODUCT (PROD_ID,PROD_NAME,PROD_CNT,PROD_PRICE,PROD_PIC,PROD_MAIN_CATEGORY,PROD_SUB_CATEGORY,PROD_SSUB_CATEGORY,PROD_DATE,PROD_WEARING_PRICE,PROD_CNT_MIN,PROD_FLAG,PROD_MOD_DATE,COMPANY_ID) values ('G020402','윌슨 2020 A900 WTA09RB20125 12.5인치 외야 야구글러브 (브라운/블랙)',100,95000,null,'글러브','외야수',null,to_date('19/10/05','RR/MM/DD'),80000,30,null,null,'PRO_B');
Insert into SGMP.PRODUCT (PROD_ID,PROD_NAME,PROD_CNT,PROD_PRICE,PROD_PIC,PROD_MAIN_CATEGORY,PROD_SUB_CATEGORY,PROD_SSUB_CATEGORY,PROD_DATE,PROD_WEARING_PRICE,PROD_CNT_MIN,PROD_FLAG,PROD_MOD_DATE,COMPANY_ID) values ('G020501','윌슨 2020 A900 WTA09RB20BM12 12인치 1루 야구글러브 (브라운/블랙)',100,95000,null,'글러브','1루미트',null,to_date('19/10/05','RR/MM/DD'),90000,30,null,null,'PRO_A');
Insert into SGMP.PRODUCT (PROD_ID,PROD_NAME,PROD_CNT,PROD_PRICE,PROD_PIC,PROD_MAIN_CATEGORY,PROD_SUB_CATEGORY,PROD_SSUB_CATEGORY,PROD_DATE,PROD_WEARING_PRICE,PROD_CNT_MIN,PROD_FLAG,PROD_MOD_DATE,COMPANY_ID) values ('G020502','BMC 2019 MD-S103 미다스 프로 시리즈 1루 야구글러브 (블랙)',100,149000,null,'글러브','1루미트',null,to_date('19/10/05','RR/MM/DD'),130000,30,null,null,'PRO_B');
Insert into SGMP.PRODUCT (PROD_ID,PROD_NAME,PROD_CNT,PROD_PRICE,PROD_PIC,PROD_MAIN_CATEGORY,PROD_SUB_CATEGORY,PROD_SSUB_CATEGORY,PROD_DATE,PROD_WEARING_PRICE,PROD_CNT_MIN,PROD_FLAG,PROD_MOD_DATE,COMPANY_ID) values ('G020601','하타케야마 2019 KSPO PRO-222 스페셜오더 포수미트 (네이비/블랙/탄)',100,804000,null,'글러브','포수미트',null,to_date('19/10/05','RR/MM/DD'),750000,30,null,null,'PRO_A');
Insert into SGMP.PRODUCT (PROD_ID,PROD_NAME,PROD_CNT,PROD_PRICE,PROD_PIC,PROD_MAIN_CATEGORY,PROD_SUB_CATEGORY,PROD_SSUB_CATEGORY,PROD_DATE,PROD_WEARING_PRICE,PROD_CNT_MIN,PROD_FLAG,PROD_MOD_DATE,COMPANY_ID) values ('G020602','하타케야마 2019 KSPO PRO-M8 스페셜오더 포수미트 (브라운/블랙)',100,804000,null,'글러브','포수미트',null,to_date('19/10/05','RR/MM/DD'),750000,30,null,null,'PRO_B');
Insert into SGMP.PRODUCT (PROD_ID,PROD_NAME,PROD_CNT,PROD_PRICE,PROD_PIC,PROD_MAIN_CATEGORY,PROD_SUB_CATEGORY,PROD_SSUB_CATEGORY,PROD_DATE,PROD_WEARING_PRICE,PROD_CNT_MIN,PROD_FLAG,PROD_MOD_DATE,COMPANY_ID) values ('G020701','윌슨 2020 A1000 WTA10RB20KP92 12.5인치 외야 야구글러브 (초코브라운/블랙)',100,125000,null,'글러브','좌투 글러브',null,to_date('19/09/29','RR/MM/DD'),100000,30,null,null,'PRO_A');
Insert into SGMP.PRODUCT (PROD_ID,PROD_NAME,PROD_CNT,PROD_PRICE,PROD_PIC,PROD_MAIN_CATEGORY,PROD_SUB_CATEGORY,PROD_SSUB_CATEGORY,PROD_DATE,PROD_WEARING_PRICE,PROD_CNT_MIN,PROD_FLAG,PROD_MOD_DATE,COMPANY_ID) values ('G020702','윌슨 2020 A1000 WTA10RB201789 11.5인치 내야 야구글러브 (블랙/카멜)',100,125000,null,'글러브','좌투 글러브',null,to_date('19/09/29','RR/MM/DD'),100000,30,null,null,'PRO_B');
Insert into SGMP.PRODUCT (PROD_ID,PROD_NAME,PROD_CNT,PROD_PRICE,PROD_PIC,PROD_MAIN_CATEGORY,PROD_SUB_CATEGORY,PROD_SSUB_CATEGORY,PROD_DATE,PROD_WEARING_PRICE,PROD_CNT_MIN,PROD_FLAG,PROD_MOD_DATE,COMPANY_ID) values ('G020801','스킬즈 SH01-000-04 소프트핸즈',100,19000,null,'글러브','트레이닝 및 기타 글러브',null,to_date('19/09/29','RR/MM/DD'),15000,30,null,null,'PRO_A');
Insert into SGMP.PRODUCT (PROD_ID,PROD_NAME,PROD_CNT,PROD_PRICE,PROD_PIC,PROD_MAIN_CATEGORY,PROD_SUB_CATEGORY,PROD_SSUB_CATEGORY,PROD_DATE,PROD_WEARING_PRICE,PROD_CNT_MIN,PROD_FLAG,PROD_MOD_DATE,COMPANY_ID) values ('G020802','글러브웍스 GW 2019 머쉬타쉬 콧수염 팬케이크 트레이닝글러브 (블랙)',100,75000,null,'글러브','트레이닝 및 기타 글러브기',null,to_date('19/09/29','RR/MM/DD'),70000,30,null,null,'PRO_B');
Insert into SGMP.PRODUCT (PROD_ID,PROD_NAME,PROD_CNT,PROD_PRICE,PROD_PIC,PROD_MAIN_CATEGORY,PROD_SUB_CATEGORY,PROD_SSUB_CATEGORY,PROD_DATE,PROD_WEARING_PRICE,PROD_CNT_MIN,PROD_FLAG,PROD_MOD_DATE,COMPANY_ID) values ('G020901','윌슨 프리미엄 글러브 오일 WTA6764',100,3800,null,'글러브','글러브 기타 관련용품',null,to_date('19/09/29','RR/MM/DD'),3000,30,null,null,'PRO_A');
Insert into SGMP.PRODUCT (PROD_ID,PROD_NAME,PROD_CNT,PROD_PRICE,PROD_PIC,PROD_MAIN_CATEGORY,PROD_SUB_CATEGORY,PROD_SSUB_CATEGORY,PROD_DATE,PROD_WEARING_PRICE,PROD_CNT_MIN,PROD_FLAG,PROD_MOD_DATE,COMPANY_ID) values ('G020902','이스턴 레이싱 킷',100,11200,null,'글러브','글러브 기타 관련용품 ',null,to_date('19/09/29','RR/MM/DD'),10000,30,null,null,'PRO_B');
Insert into SGMP.PRODUCT (PROD_ID,PROD_NAME,PROD_CNT,PROD_PRICE,PROD_PIC,PROD_MAIN_CATEGORY,PROD_SUB_CATEGORY,PROD_SSUB_CATEGORY,PROD_DATE,PROD_WEARING_PRICE,PROD_CNT_MIN,PROD_FLAG,PROD_MOD_DATE,COMPANY_ID) values ('B030101','윌슨 드마리니 2020 WTDXVB5 VOODOO 투피스 하이브리드 야구배트 (화이트/레드)',10,270000,null,'배트','알루미늄 배트',null,to_date('19/09/29','RR/MM/DD'),240000,30,null,null,'PRO_A');
Insert into SGMP.PRODUCT (PROD_ID,PROD_NAME,PROD_CNT,PROD_PRICE,PROD_PIC,PROD_MAIN_CATEGORY,PROD_SUB_CATEGORY,PROD_SSUB_CATEGORY,PROD_DATE,PROD_WEARING_PRICE,PROD_CNT_MIN,PROD_FLAG,PROD_MOD_DATE,COMPANY_ID) values ('B030102','TPX 루이빌슬러거 OMAHA IKBO5165 오마하 배트',100,189000,null,'배트','알루미늄 배트',null,to_date('19/09/29','RR/MM/DD'),167000,30,null,null,'PRO_B');
Insert into SGMP.PRODUCT (PROD_ID,PROD_NAME,PROD_CNT,PROD_PRICE,PROD_PIC,PROD_MAIN_CATEGORY,PROD_SUB_CATEGORY,PROD_SSUB_CATEGORY,PROD_DATE,PROD_WEARING_PRICE,PROD_CNT_MIN,PROD_FLAG,PROD_MOD_DATE,COMPANY_ID) values ('B030201','윌슨 드마리니 2020 WTDXC8Z/WTDXCB5 CF ZEN 투피스 컴포짓 야구배트 (블랙/옐로우)',100,320000,null,'배트','컴포짓, 카본 배트',null,to_date('19/08/11','RR/MM/DD'),300000,30,null,null,'PRO_A');
Insert into SGMP.PRODUCT (PROD_ID,PROD_NAME,PROD_CNT,PROD_PRICE,PROD_PIC,PROD_MAIN_CATEGORY,PROD_SUB_CATEGORY,PROD_SSUB_CATEGORY,PROD_DATE,PROD_WEARING_PRICE,PROD_CNT_MIN,PROD_FLAG,PROD_MOD_DATE,COMPANY_ID) values ('B030202','샘퍼니 GOVERN 2016 DNA SERIES 풀카본 배트 (박용택)',100,290000,null,'배트','컴포지, 카본 배트',null,to_date('19/08/11','RR/MM/DD'),290000,30,null,null,'PRO_B');
Insert into SGMP.PRODUCT (PROD_ID,PROD_NAME,PROD_CNT,PROD_PRICE,PROD_PIC,PROD_MAIN_CATEGORY,PROD_SUB_CATEGORY,PROD_SSUB_CATEGORY,PROD_DATE,PROD_WEARING_PRICE,PROD_CNT_MIN,PROD_FLAG,PROD_MOD_DATE,COMPANY_ID) values ('B030301','제트 BKT1450 연식 경식 겸용 펑고배트 (91cm/580g)',100,99000,null,'배트','펑고 배트',null,to_date('19/08/11','RR/MM/DD'),90000,30,null,null,'PRO_A');
Insert into SGMP.PRODUCT (PROD_ID,PROD_NAME,PROD_CNT,PROD_PRICE,PROD_PIC,PROD_MAIN_CATEGORY,PROD_SUB_CATEGORY,PROD_SSUB_CATEGORY,PROD_DATE,PROD_WEARING_PRICE,PROD_CNT_MIN,PROD_FLAG,PROD_MOD_DATE,COMPANY_ID) values ('B030302','윌슨 드마리니 펑고배트 WTDXFUN 2235-7 (35/22)',100,89000,null,'배트','펑고 배트',null,to_date('19/08/11','RR/MM/DD'),78000,30,null,null,'PRO_B');
Insert into SGMP.PRODUCT (PROD_ID,PROD_NAME,PROD_CNT,PROD_PRICE,PROD_PIC,PROD_MAIN_CATEGORY,PROD_SUB_CATEGORY,PROD_SSUB_CATEGORY,PROD_DATE,PROD_WEARING_PRICE,PROD_CNT_MIN,PROD_FLAG,PROD_MOD_DATE,COMPANY_ID) values ('B030401','바움 컴포짓 나무 배트 (블랙)',100,300000,null,'배트','나무 배트',null,to_date('19/08/11','RR/MM/DD'),278000,30,null,null,'PRO_A');
Insert into SGMP.PRODUCT (PROD_ID,PROD_NAME,PROD_CNT,PROD_PRICE,PROD_PIC,PROD_MAIN_CATEGORY,PROD_SUB_CATEGORY,PROD_SSUB_CATEGORY,PROD_DATE,PROD_WEARING_PRICE,PROD_CNT_MIN,PROD_FLAG,PROD_MOD_DATE,COMPANY_ID) values ('B030402','제트 BWT30984 프로스테이터스 메이플 나무배트 (84cm/800g)',100,141120,null,'배트','나무 배트',null,to_date('19/08/11','RR/MM/DD'),137000,30,null,null,'PRO_B');
Insert into SGMP.PRODUCT (PROD_ID,PROD_NAME,PROD_CNT,PROD_PRICE,PROD_PIC,PROD_MAIN_CATEGORY,PROD_SUB_CATEGORY,PROD_SSUB_CATEGORY,PROD_DATE,PROD_WEARING_PRICE,PROD_CNT_MIN,PROD_FLAG,PROD_MOD_DATE,COMPANY_ID) values ('B030501','벨가드 포인트 트레이닝 배트',100,55000,null,'배트','트레이닝 배트',null,to_date('19/08/11','RR/MM/DD'),50000,30,null,null,'PRO_A');
Insert into SGMP.PRODUCT (PROD_ID,PROD_NAME,PROD_CNT,PROD_PRICE,PROD_PIC,PROD_MAIN_CATEGORY,PROD_SUB_CATEGORY,PROD_SSUB_CATEGORY,PROD_DATE,PROD_WEARING_PRICE,PROD_CNT_MIN,PROD_FLAG,PROD_MOD_DATE,COMPANY_ID) values ('B030502','스킬즈 Power stick 30인치 30온스 트레이닝 파워스틱 ',100,45000,null,'배트','트레이닝 배트',null,to_date('19/10/15','RR/MM/DD'),40000,30,null,null,'PRO_B');
Insert into SGMP.PRODUCT (PROD_ID,PROD_NAME,PROD_CNT,PROD_PRICE,PROD_PIC,PROD_MAIN_CATEGORY,PROD_SUB_CATEGORY,PROD_SSUB_CATEGORY,PROD_DATE,PROD_WEARING_PRICE,PROD_CNT_MIN,PROD_FLAG,PROD_MOD_DATE,COMPANY_ID) values ('U010102','사사키 2019 SLY01-H PRIME 11.25인치 유소년 내야 야구글러브 (블랙/레드)',100,192000,null,'유소년','유소년 글러브',null,to_date('19/10/01','RR/MM/DD'),182000,30,null,null,'PRO_B');
Insert into SGMP.PRODUCT (PROD_ID,PROD_NAME,PROD_CNT,PROD_PRICE,PROD_PIC,PROD_MAIN_CATEGORY,PROD_SUB_CATEGORY,PROD_SSUB_CATEGORY,PROD_DATE,PROD_WEARING_PRICE,PROD_CNT_MIN,PROD_FLAG,PROD_MOD_DATE,COMPANY_ID) values ('U010201','윌슨 드마리니 2020 WTDXUFX CF ZEN USA 유소년 컴포짓 야구배트 -10(블랙/블루)',100,300000,null,'유소년','유소년 배트',null,to_date('19/10/01','RR/MM/DD'),295000,30,null,null,'PRO_A');
Insert into SGMP.PRODUCT (PROD_ID,PROD_NAME,PROD_CNT,PROD_PRICE,PROD_PIC,PROD_MAIN_CATEGORY,PROD_SUB_CATEGORY,PROD_SSUB_CATEGORY,PROD_DATE,PROD_WEARING_PRICE,PROD_CNT_MIN,PROD_FLAG,PROD_MOD_DATE,COMPANY_ID) values ('U010202','윌슨 드마리니 2020 WTDXVOZ-20 VOODOO ONE 유소년 알루미늄 야구배트 (화이트)',100,230000,null,'유소년','유소년 배트',null,to_date('19/10/01','RR/MM/DD'),215600,30,null,null,'PRO_B');
Insert into SGMP.PRODUCT (PROD_ID,PROD_NAME,PROD_CNT,PROD_PRICE,PROD_PIC,PROD_MAIN_CATEGORY,PROD_SUB_CATEGORY,PROD_SSUB_CATEGORY,PROD_DATE,PROD_WEARING_PRICE,PROD_CNT_MIN,PROD_FLAG,PROD_MOD_DATE,COMPANY_ID) values ('U010301','BMC 2019 KBO-KIA2 유소년 고강도 신소재 배팅장갑 (화이트/블루)',100,15000,null,'유소년','유소년 장갑',null,to_date('19/10/01','RR/MM/DD'),13000,30,null,null,'PRO_A');
Insert into SGMP.PRODUCT (PROD_ID,PROD_NAME,PROD_CNT,PROD_PRICE,PROD_PIC,PROD_MAIN_CATEGORY,PROD_SUB_CATEGORY,PROD_SSUB_CATEGORY,PROD_DATE,PROD_WEARING_PRICE,PROD_CNT_MIN,PROD_FLAG,PROD_MOD_DATE,COMPANY_ID) values ('U010302','BMC 2019 KBO-KIB2 유소년 고강도 신소재 배팅장갑 (화이트/레드)',100,15000,null,'유소년','유소년 장갑',null,to_date('19/10/01','RR/MM/DD'),13000,30,null,null,'PRO_B');
Insert into SGMP.PRODUCT (PROD_ID,PROD_NAME,PROD_CNT,PROD_PRICE,PROD_PIC,PROD_MAIN_CATEGORY,PROD_SUB_CATEGORY,PROD_SSUB_CATEGORY,PROD_DATE,PROD_WEARING_PRICE,PROD_CNT_MIN,PROD_FLAG,PROD_MOD_DATE,COMPANY_ID) values ('U010401','뉴발란스 TJ80AW1 인조잔디화 (화이트)',100,79000,null,'유소년','유소년 신발',null,to_date('19/10/01','RR/MM/DD'),68000,30,null,null,'PRO_A');
Insert into SGMP.PRODUCT (PROD_ID,PROD_NAME,PROD_CNT,PROD_PRICE,PROD_PIC,PROD_MAIN_CATEGORY,PROD_SUB_CATEGORY,PROD_SSUB_CATEGORY,PROD_DATE,PROD_WEARING_PRICE,PROD_CNT_MIN,PROD_FLAG,PROD_MOD_DATE,COMPANY_ID) values ('U010402','뉴발란스 TJ80AK1 인조잔디화 (블랙)',100,79000,null,'유소년','유소년 신발',null,to_date('19/10/01','RR/MM/DD'),70000,30,null,null,'PRO_B');
Insert into SGMP.PRODUCT (PROD_ID,PROD_NAME,PROD_CNT,PROD_PRICE,PROD_PIC,PROD_MAIN_CATEGORY,PROD_SUB_CATEGORY,PROD_SSUB_CATEGORY,PROD_DATE,PROD_WEARING_PRICE,PROD_CNT_MIN,PROD_FLAG,PROD_MOD_DATE,COMPANY_ID) values ('U010501','스카이라인 POK-L47S 12인치 연식/가죽 소프트볼',100,8750,null,'유소년','유소년 야구공',null,to_date('19/10/01','RR/MM/DD'),8000,30,null,null,'PRO_A');
Insert into SGMP.PRODUCT (PROD_ID,PROD_NAME,PROD_CNT,PROD_PRICE,PROD_PIC,PROD_MAIN_CATEGORY,PROD_SUB_CATEGORY,PROD_SSUB_CATEGORY,PROD_DATE,PROD_WEARING_PRICE,PROD_CNT_MIN,PROD_FLAG,PROD_MOD_DATE,COMPANY_ID) values ('U010502','스카이라인 POK-L47V 12인치 비닐 소프트볼',100,5000,null,'유소년','유소년 야구공',null,to_date('19/10/01','RR/MM/DD'),4300,30,null,null,'PRO_B');
Insert into SGMP.PRODUCT (PROD_ID,PROD_NAME,PROD_CNT,PROD_PRICE,PROD_PIC,PROD_MAIN_CATEGORY,PROD_SUB_CATEGORY,PROD_SSUB_CATEGORY,PROD_DATE,PROD_WEARING_PRICE,PROD_CNT_MIN,PROD_FLAG,PROD_MOD_DATE,COMPANY_ID) values ('U010601','제트 2019 BHMT-3811J 유소년 일체형 포수헬멧',100,89000,null,'유소년','유소년 포수장비',null,to_date('19/09/25','RR/MM/DD'),80000,30,null,null,'PRO_A');
Insert into SGMP.PRODUCT (PROD_ID,PROD_NAME,PROD_CNT,PROD_PRICE,PROD_PIC,PROD_MAIN_CATEGORY,PROD_SUB_CATEGORY,PROD_SSUB_CATEGORY,PROD_DATE,PROD_WEARING_PRICE,PROD_CNT_MIN,PROD_FLAG,PROD_MOD_DATE,COMPANY_ID) values ('U010602','스톰 2020 고급형 유소년 포수장비세트 WH-일체형마스크',100,269000,null,'유소년','유소년 포수장비',null,to_date('19/09/25','RR/MM/DD'),251000,30,null,null,'PRO_B');
Insert into SGMP.PRODUCT (PROD_ID,PROD_NAME,PROD_CNT,PROD_PRICE,PROD_PIC,PROD_MAIN_CATEGORY,PROD_SUB_CATEGORY,PROD_SSUB_CATEGORY,PROD_DATE,PROD_WEARING_PRICE,PROD_CNT_MIN,PROD_FLAG,PROD_MOD_DATE,COMPANY_ID) values ('U010701','윌슨 WTB2037K0TR 안면 보호 마스크',100,22000,null,'유소년','유소년 손목밴드/보호장비',null,to_date('19/09/25','RR/MM/DD'),20000,30,null,null,'PRO_A');
Insert into SGMP.PRODUCT (PROD_ID,PROD_NAME,PROD_CNT,PROD_PRICE,PROD_PIC,PROD_MAIN_CATEGORY,PROD_SUB_CATEGORY,PROD_SSUB_CATEGORY,PROD_DATE,PROD_WEARING_PRICE,PROD_CNT_MIN,PROD_FLAG,PROD_MOD_DATE,COMPANY_ID) values ('U010702','이보쉴드 WTV6116USSM X-SRZ USA STAR 일체형 유소년 암가드 (화이트/네이비)',100,43000,null,'유소년','유소년 손목밴드/보호장비',null,to_date('19/09/25','RR/MM/DD'),40000,30,null,null,'PRO_B');
Insert into SGMP.PRODUCT (PROD_ID,PROD_NAME,PROD_CNT,PROD_PRICE,PROD_PIC,PROD_MAIN_CATEGORY,PROD_SUB_CATEGORY,PROD_SSUB_CATEGORY,PROD_DATE,PROD_WEARING_PRICE,PROD_CNT_MIN,PROD_FLAG,PROD_MOD_DATE,COMPANY_ID) values ('U010801','롤링스 MODYCPCTLP-BG 유소년 유니폼 바지 (블루그레이)',100,9900,null,'유소년','유소년 의류/악세사리/양말',null,to_date('19/09/25','RR/MM/DD'),9000,30,null,null,'PRO_A');
Insert into SGMP.PRODUCT (PROD_ID,PROD_NAME,PROD_CNT,PROD_PRICE,PROD_PIC,PROD_MAIN_CATEGORY,PROD_SUB_CATEGORY,PROD_SSUB_CATEGORY,PROD_DATE,PROD_WEARING_PRICE,PROD_CNT_MIN,PROD_FLAG,PROD_MOD_DATE,COMPANY_ID) values ('U010802','케이엔 KPSK-10 아동 야구양말 (레드)',100,5000,null,'유소년','유소년 의류/악세사리/양말',null,to_date('19/09/25','RR/MM/DD'),4500,30,null,null,'PRO_B');
Insert into SGMP.PRODUCT (PROD_ID,PROD_NAME,PROD_CNT,PROD_PRICE,PROD_PIC,PROD_MAIN_CATEGORY,PROD_SUB_CATEGORY,PROD_SSUB_CATEGORY,PROD_DATE,PROD_WEARING_PRICE,PROD_CNT_MIN,PROD_FLAG,PROD_MOD_DATE,COMPANY_ID) values ('U010901','윌슨 WTD9105BL 드마리니 부두 리버스 백팩 (블랙)',100,44000,null,'유소년','유소년 가방',null,to_date('19/09/25','RR/MM/DD'),35000,30,null,null,'PRO_A');
Insert into SGMP.PRODUCT (PROD_ID,PROD_NAME,PROD_CNT,PROD_PRICE,PROD_PIC,PROD_MAIN_CATEGORY,PROD_SUB_CATEGORY,PROD_SSUB_CATEGORY,PROD_DATE,PROD_WEARING_PRICE,PROD_CNT_MIN,PROD_FLAG,PROD_MOD_DATE,COMPANY_ID) values ('U010902','윌슨 WTD9105RO 드마리니 부두 리버스 백팩 (블루)',100,44000,null,'유소년','유소년 가방',null,to_date('19/09/25','RR/MM/DD'),35000,30,null,null,'PRO_B');
Insert into SGMP.PRODUCT (PROD_ID,PROD_NAME,PROD_CNT,PROD_PRICE,PROD_PIC,PROD_MAIN_CATEGORY,PROD_SUB_CATEGORY,PROD_SSUB_CATEGORY,PROD_DATE,PROD_WEARING_PRICE,PROD_CNT_MIN,PROD_FLAG,PROD_MOD_DATE,COMPANY_ID) values ('U011001','스킬즈 필드트레이너 유소년 Pitchback 피치백',100,48000,null,'유소년','유소년 기타용품',null,to_date('19/09/25','RR/MM/DD'),46000,30,null,null,'PRO_A');
Insert into SGMP.PRODUCT (PROD_ID,PROD_NAME,PROD_CNT,PROD_PRICE,PROD_PIC,PROD_MAIN_CATEGORY,PROD_SUB_CATEGORY,PROD_SSUB_CATEGORY,PROD_DATE,PROD_WEARING_PRICE,PROD_CNT_MIN,PROD_FLAG,PROD_MOD_DATE,COMPANY_ID) values ('U011002','카카오프렌즈 플레이 위드 프렌즈 라이언+어피치 배드민턴 라켓',100,24900,null,'유소년','유소년 기타용품',null,to_date('19/09/25','RR/MM/DD'),21000,30,null,null,'PRO_B');
Insert into SGMP.PRODUCT (PROD_ID,PROD_NAME,PROD_CNT,PROD_PRICE,PROD_PIC,PROD_MAIN_CATEGORY,PROD_SUB_CATEGORY,PROD_SSUB_CATEGORY,PROD_DATE,PROD_WEARING_PRICE,PROD_CNT_MIN,PROD_FLAG,PROD_MOD_DATE,COMPANY_ID) values ('G020101','다비드 2019 SK HS#22(BK)19 13인치 외야 글러브 김현수 선수 모델 (블랙)',100,190000,null,'글러브','선수지급 글러브',null,to_date('19/09/25','RR/MM/DD'),180000,30,null,null,'PRO_A');
Insert into SGMP.PRODUCT (PROD_ID,PROD_NAME,PROD_CNT,PROD_PRICE,PROD_PIC,PROD_MAIN_CATEGORY,PROD_SUB_CATEGORY,PROD_SSUB_CATEGORY,PROD_DATE,PROD_WEARING_PRICE,PROD_CNT_MIN,PROD_FLAG,PROD_MOD_DATE,COMPANY_ID) values ('U010101','윌슨 WTA04RB19CC1 A450 11인치 내야글러브 (그레이/네이비)',100,45000,null,'유소년','유소년 글러브',null,to_date('19/09/25','RR/MM/DD'),40000,30,null,null,'PRO_A');
Insert into SGMP.PRODUCT (PROD_ID,PROD_NAME,PROD_CNT,PROD_PRICE,PROD_PIC,PROD_MAIN_CATEGORY,PROD_SUB_CATEGORY,PROD_SSUB_CATEGORY,PROD_DATE,PROD_WEARING_PRICE,PROD_CNT_MIN,PROD_FLAG,PROD_MOD_DATE,COMPANY_ID) values ('G020102','다비드 2019 PRO SUIT PS JS19(YE) 한화 임준섭선수 모델 투수/올라운드 (옐로우)',100,350000,null,'글러브','선수지급 글러브',null,to_date('19/10/05','RR/MM/DD'),335000,30,null,null,'PRO_B');
Insert into SGMP.PRODUCT (PROD_ID,PROD_NAME,PROD_CNT,PROD_PRICE,PROD_PIC,PROD_MAIN_CATEGORY,PROD_SUB_CATEGORY,PROD_SSUB_CATEGORY,PROD_DATE,PROD_WEARING_PRICE,PROD_CNT_MIN,PROD_FLAG,PROD_MOD_DATE,COMPANY_ID) values ('G020201','윌슨 2020 A900 WTA09RB201175 11.75인치 투수/올라운드 야구글러브 (브라운/블랙)',100,95000,null,'글러브','투수 ,올라운드',null,to_date('19/10/05','RR/MM/DD'),80000,30,null,null,'PRO_A');
Insert into SGMP.PRODUCT (PROD_ID,PROD_NAME,PROD_CNT,PROD_PRICE,PROD_PIC,PROD_MAIN_CATEGORY,PROD_SUB_CATEGORY,PROD_SSUB_CATEGORY,PROD_DATE,PROD_WEARING_PRICE,PROD_CNT_MIN,PROD_FLAG,PROD_MOD_DATE,COMPANY_ID) values ('G020202','사사키 PRESTAR-135K 투수/올라운드 (블랙/블랙)',100,89000,null,'글러브','투수 ,올라운드',null,to_date('19/10/05','RR/MM/DD'),80000,30,null,null,'PRO_B');
Insert into SGMP.PRODUCT (PROD_ID,PROD_NAME,PROD_CNT,PROD_PRICE,PROD_PIC,PROD_MAIN_CATEGORY,PROD_SUB_CATEGORY,PROD_SSUB_CATEGORY,PROD_DATE,PROD_WEARING_PRICE,PROD_CNT_MIN,PROD_FLAG,PROD_MOD_DATE,COMPANY_ID) values ('G020301','윌슨 2020 A1000 WTA10RB201789 11.5인치 내야 야구글러브 (블랙/카멜)',100,125000,null,'글러브','내야수',null,to_date('19/10/05','RR/MM/DD'),115000,30,null,null,'PRO_A');
Insert into SGMP.PRODUCT (PROD_ID,PROD_NAME,PROD_CNT,PROD_PRICE,PROD_PIC,PROD_MAIN_CATEGORY,PROD_SUB_CATEGORY,PROD_SSUB_CATEGORY,PROD_DATE,PROD_WEARING_PRICE,PROD_CNT_MIN,PROD_FLAG,PROD_MOD_DATE,COMPANY_ID) values ('G020302','윌슨 2020 A1000 WTA10RB201786 11.5인치 내야 야구글러브 (브라운/카멜)',100,125000,null,'글러브','내야수',null,to_date('19/10/05','RR/MM/DD'),110000,30,null,null,'PRO_B');
Insert into SGMP.PRODUCT (PROD_ID,PROD_NAME,PROD_CNT,PROD_PRICE,PROD_PIC,PROD_MAIN_CATEGORY,PROD_SUB_CATEGORY,PROD_SSUB_CATEGORY,PROD_DATE,PROD_WEARING_PRICE,PROD_CNT_MIN,PROD_FLAG,PROD_MOD_DATE,COMPANY_ID) values ('G020401','윌슨 2020 A1000 WTA10RB20KP92 12.5인치 외야 야구글러브 (초코브라운/블랙)',100,125000,null,'글러브','외야수',null,to_date('19/10/05','RR/MM/DD'),110000,30,null,null,'PRO_A');
Insert into SGMP.PRODUCT (PROD_ID,PROD_NAME,PROD_CNT,PROD_PRICE,PROD_PIC,PROD_MAIN_CATEGORY,PROD_SUB_CATEGORY,PROD_SSUB_CATEGORY,PROD_DATE,PROD_WEARING_PRICE,PROD_CNT_MIN,PROD_FLAG,PROD_MOD_DATE,COMPANY_ID) values ('B030601','SUN PROJECT SPB-5M DOUBLE ATTACK 대나무 압축배트 (블랙/브라운)',100,59000,null,'배트','기타 배트',null,to_date('19/10/15','RR/MM/DD'),40000,30,null,null,'PRO_A');
Insert into SGMP.PRODUCT (PROD_ID,PROD_NAME,PROD_CNT,PROD_PRICE,PROD_PIC,PROD_MAIN_CATEGORY,PROD_SUB_CATEGORY,PROD_SSUB_CATEGORY,PROD_DATE,PROD_WEARING_PRICE,PROD_CNT_MIN,PROD_FLAG,PROD_MOD_DATE,COMPANY_ID) values ('B030701','리자드스킨 MOOKIE 무키베츠 배트랩 1.1mm',100,16800,null,'배트','배트 기타 관련용품',null,to_date('19/10/15','RR/MM/DD'),15000,30,null,null,'PRO_A');
Insert into SGMP.PRODUCT (PROD_ID,PROD_NAME,PROD_CNT,PROD_PRICE,PROD_PIC,PROD_MAIN_CATEGORY,PROD_SUB_CATEGORY,PROD_SSUB_CATEGORY,PROD_DATE,PROD_WEARING_PRICE,PROD_CNT_MIN,PROD_FLAG,PROD_MOD_DATE,COMPANY_ID) values ('U010502','스카이라인 POK-L47V 12인치 비닐 소프트볼',1000,5000,null,'유소년','유소년 야구공',null,to_date('19/10/01','RR/MM/DD'),4300,30,null,null,'ROOT');
Insert into SGMP.PRODUCT (PROD_ID,PROD_NAME,PROD_CNT,PROD_PRICE,PROD_PIC,PROD_MAIN_CATEGORY,PROD_SUB_CATEGORY,PROD_SSUB_CATEGORY,PROD_DATE,PROD_WEARING_PRICE,PROD_CNT_MIN,PROD_FLAG,PROD_MOD_DATE,COMPANY_ID) values ('U010601','제트 2019 BHMT-3811J 유소년 일체형 포수헬멧',1000,89000,null,'유소년','유소년 포수장비',null,to_date('19/09/25','RR/MM/DD'),80000,30,null,null,'ROOT');
Insert into SGMP.PRODUCT (PROD_ID,PROD_NAME,PROD_CNT,PROD_PRICE,PROD_PIC,PROD_MAIN_CATEGORY,PROD_SUB_CATEGORY,PROD_SSUB_CATEGORY,PROD_DATE,PROD_WEARING_PRICE,PROD_CNT_MIN,PROD_FLAG,PROD_MOD_DATE,COMPANY_ID) values ('U010602','스톰 2020 고급형 유소년 포수장비세트 WH-일체형마스크',1000,269000,null,'유소년','유소년 포수장비',null,to_date('19/09/25','RR/MM/DD'),251000,30,null,null,'ROOT');
Insert into SGMP.PRODUCT (PROD_ID,PROD_NAME,PROD_CNT,PROD_PRICE,PROD_PIC,PROD_MAIN_CATEGORY,PROD_SUB_CATEGORY,PROD_SSUB_CATEGORY,PROD_DATE,PROD_WEARING_PRICE,PROD_CNT_MIN,PROD_FLAG,PROD_MOD_DATE,COMPANY_ID) values ('U010701','윌슨 WTB2037K0TR 안면 보호 마스크',1000,22000,null,'유소년','유소년 손목밴드/보호장비',null,to_date('19/09/25','RR/MM/DD'),20000,30,null,null,'ROOT');
Insert into SGMP.PRODUCT (PROD_ID,PROD_NAME,PROD_CNT,PROD_PRICE,PROD_PIC,PROD_MAIN_CATEGORY,PROD_SUB_CATEGORY,PROD_SSUB_CATEGORY,PROD_DATE,PROD_WEARING_PRICE,PROD_CNT_MIN,PROD_FLAG,PROD_MOD_DATE,COMPANY_ID) values ('U010702','이보쉴드 WTV6116USSM X-SRZ USA STAR 일체형 유소년 암가드 (화이트/네이비)',10,43000,null,'유소년','유소년 손목밴드/보호장비',null,to_date('19/09/25','RR/MM/DD'),40000,30,null,null,'ROOT');
Insert into SGMP.PRODUCT (PROD_ID,PROD_NAME,PROD_CNT,PROD_PRICE,PROD_PIC,PROD_MAIN_CATEGORY,PROD_SUB_CATEGORY,PROD_SSUB_CATEGORY,PROD_DATE,PROD_WEARING_PRICE,PROD_CNT_MIN,PROD_FLAG,PROD_MOD_DATE,COMPANY_ID) values ('U010801','롤링스 MODYCPCTLP-BG 유소년 유니폼 바지 (블루그레이)',1000,9900,null,'유소년','유소년 의류/악세사리/양말',null,to_date('19/09/25','RR/MM/DD'),9000,30,null,null,'ROOT');
Insert into SGMP.PRODUCT (PROD_ID,PROD_NAME,PROD_CNT,PROD_PRICE,PROD_PIC,PROD_MAIN_CATEGORY,PROD_SUB_CATEGORY,PROD_SSUB_CATEGORY,PROD_DATE,PROD_WEARING_PRICE,PROD_CNT_MIN,PROD_FLAG,PROD_MOD_DATE,COMPANY_ID) values ('U010802','케이엔 KPSK-10 아동 야구양말 (레드)',1000,5000,null,'유소년','유소년 의류/악세사리/양말',null,to_date('19/09/25','RR/MM/DD'),4500,30,null,null,'ROOT');
Insert into SGMP.PRODUCT (PROD_ID,PROD_NAME,PROD_CNT,PROD_PRICE,PROD_PIC,PROD_MAIN_CATEGORY,PROD_SUB_CATEGORY,PROD_SSUB_CATEGORY,PROD_DATE,PROD_WEARING_PRICE,PROD_CNT_MIN,PROD_FLAG,PROD_MOD_DATE,COMPANY_ID) values ('U010901','윌슨 WTD9105BL 드마리니 부두 리버스 백팩 (블랙)',1000,44000,null,'유소년','유소년 가방',null,to_date('19/09/25','RR/MM/DD'),35000,30,null,null,'ROOT');
Insert into SGMP.PRODUCT (PROD_ID,PROD_NAME,PROD_CNT,PROD_PRICE,PROD_PIC,PROD_MAIN_CATEGORY,PROD_SUB_CATEGORY,PROD_SSUB_CATEGORY,PROD_DATE,PROD_WEARING_PRICE,PROD_CNT_MIN,PROD_FLAG,PROD_MOD_DATE,COMPANY_ID) values ('U010902','윌슨 WTD9105RO 드마리니 부두 리버스 백팩 (블루)',1000,44000,null,'유소년','유소년 가방',null,to_date('19/09/25','RR/MM/DD'),35000,30,null,null,'ROOT');
Insert into SGMP.PRODUCT (PROD_ID,PROD_NAME,PROD_CNT,PROD_PRICE,PROD_PIC,PROD_MAIN_CATEGORY,PROD_SUB_CATEGORY,PROD_SSUB_CATEGORY,PROD_DATE,PROD_WEARING_PRICE,PROD_CNT_MIN,PROD_FLAG,PROD_MOD_DATE,COMPANY_ID) values ('U011001','스킬즈 필드트레이너 유소년 Pitchback 피치백',1000,48000,null,'유소년','유소년 기타용품',null,to_date('19/09/25','RR/MM/DD'),46000,30,null,null,'ROOT');
Insert into SGMP.PRODUCT (PROD_ID,PROD_NAME,PROD_CNT,PROD_PRICE,PROD_PIC,PROD_MAIN_CATEGORY,PROD_SUB_CATEGORY,PROD_SSUB_CATEGORY,PROD_DATE,PROD_WEARING_PRICE,PROD_CNT_MIN,PROD_FLAG,PROD_MOD_DATE,COMPANY_ID) values ('U011002','카카오프렌즈 플레이 위드 프렌즈 라이언+어피치 배드민턴 라켓',1000,24900,null,'유소년','유소년 기타용품',null,to_date('19/09/25','RR/MM/DD'),21000,30,null,null,'ROOT');
Insert into SGMP.PRODUCT (PROD_ID,PROD_NAME,PROD_CNT,PROD_PRICE,PROD_PIC,PROD_MAIN_CATEGORY,PROD_SUB_CATEGORY,PROD_SSUB_CATEGORY,PROD_DATE,PROD_WEARING_PRICE,PROD_CNT_MIN,PROD_FLAG,PROD_MOD_DATE,COMPANY_ID) values ('G020101','다비드 2019 SK HS#22(BK)19 13인치 외야 글러브 김현수 선수 모델 (블랙)',1000,190000,null,'글러브','선수지급 글러브',null,to_date('19/09/25','RR/MM/DD'),180000,30,null,null,'ROOT');
Insert into SGMP.PRODUCT (PROD_ID,PROD_NAME,PROD_CNT,PROD_PRICE,PROD_PIC,PROD_MAIN_CATEGORY,PROD_SUB_CATEGORY,PROD_SSUB_CATEGORY,PROD_DATE,PROD_WEARING_PRICE,PROD_CNT_MIN,PROD_FLAG,PROD_MOD_DATE,COMPANY_ID) values ('U010101','윌슨 WTA04RB19CC1 A450 11인치 내야글러브 (그레이/네이비)',1000,45000,null,'유소년','유소년 글러브',null,to_date('19/09/25','RR/MM/DD'),40000,30,null,null,'ROOT');
Insert into SGMP.PRODUCT (PROD_ID,PROD_NAME,PROD_CNT,PROD_PRICE,PROD_PIC,PROD_MAIN_CATEGORY,PROD_SUB_CATEGORY,PROD_SSUB_CATEGORY,PROD_DATE,PROD_WEARING_PRICE,PROD_CNT_MIN,PROD_FLAG,PROD_MOD_DATE,COMPANY_ID) values ('G020102','다비드 2019 PRO SUIT PS JS19(YE) 한화 임준섭선수 모델 투수/올라운드 (옐로우)',1000,350000,null,'글러브','선수지급 글러브',null,to_date('19/10/05','RR/MM/DD'),335000,30,null,null,'ROOT');
Insert into SGMP.PRODUCT (PROD_ID,PROD_NAME,PROD_CNT,PROD_PRICE,PROD_PIC,PROD_MAIN_CATEGORY,PROD_SUB_CATEGORY,PROD_SSUB_CATEGORY,PROD_DATE,PROD_WEARING_PRICE,PROD_CNT_MIN,PROD_FLAG,PROD_MOD_DATE,COMPANY_ID) values ('G020201','윌슨 2020 A900 WTA09RB201175 11.75인치 투수/올라운드 야구글러브 (브라운/블랙)',1000,95000,null,'글러브','투수 ,올라운드',null,to_date('19/10/05','RR/MM/DD'),80000,30,null,null,'ROOT');
Insert into SGMP.PRODUCT (PROD_ID,PROD_NAME,PROD_CNT,PROD_PRICE,PROD_PIC,PROD_MAIN_CATEGORY,PROD_SUB_CATEGORY,PROD_SSUB_CATEGORY,PROD_DATE,PROD_WEARING_PRICE,PROD_CNT_MIN,PROD_FLAG,PROD_MOD_DATE,COMPANY_ID) values ('G020202','사사키 PRESTAR-135K 투수/올라운드 (블랙/블랙)',1000,89000,null,'글러브','투수 ,올라운드',null,to_date('19/10/05','RR/MM/DD'),80000,30,null,null,'ROOT');
Insert into SGMP.PRODUCT (PROD_ID,PROD_NAME,PROD_CNT,PROD_PRICE,PROD_PIC,PROD_MAIN_CATEGORY,PROD_SUB_CATEGORY,PROD_SSUB_CATEGORY,PROD_DATE,PROD_WEARING_PRICE,PROD_CNT_MIN,PROD_FLAG,PROD_MOD_DATE,COMPANY_ID) values ('G020301','윌슨 2020 A1000 WTA10RB201789 11.5인치 내야 야구글러브 (블랙/카멜)',1000,125000,null,'글러브','내야수',null,to_date('19/10/05','RR/MM/DD'),115000,30,null,null,'ROOT');
Insert into SGMP.PRODUCT (PROD_ID,PROD_NAME,PROD_CNT,PROD_PRICE,PROD_PIC,PROD_MAIN_CATEGORY,PROD_SUB_CATEGORY,PROD_SSUB_CATEGORY,PROD_DATE,PROD_WEARING_PRICE,PROD_CNT_MIN,PROD_FLAG,PROD_MOD_DATE,COMPANY_ID) values ('G020302','윌슨 2020 A1000 WTA10RB201786 11.5인치 내야 야구글러브 (브라운/카멜)',1000,125000,null,'글러브','내야수',null,to_date('19/10/05','RR/MM/DD'),110000,30,null,null,'ROOT');
Insert into SGMP.PRODUCT (PROD_ID,PROD_NAME,PROD_CNT,PROD_PRICE,PROD_PIC,PROD_MAIN_CATEGORY,PROD_SUB_CATEGORY,PROD_SSUB_CATEGORY,PROD_DATE,PROD_WEARING_PRICE,PROD_CNT_MIN,PROD_FLAG,PROD_MOD_DATE,COMPANY_ID) values ('G020401','윌슨 2020 A1000 WTA10RB20KP92 12.5인치 외야 야구글러브 (초코브라운/블랙)',1000,125000,null,'글러브','외야수',null,to_date('19/10/05','RR/MM/DD'),110000,30,null,null,'ROOT');
Insert into SGMP.PRODUCT (PROD_ID,PROD_NAME,PROD_CNT,PROD_PRICE,PROD_PIC,PROD_MAIN_CATEGORY,PROD_SUB_CATEGORY,PROD_SSUB_CATEGORY,PROD_DATE,PROD_WEARING_PRICE,PROD_CNT_MIN,PROD_FLAG,PROD_MOD_DATE,COMPANY_ID) values ('B030601','SUN PROJECT SPB-5M DOUBLE ATTACK 대나무 압축배트 (블랙/브라운)',1000,59000,null,'배트','기타 배트',null,to_date('19/10/15','RR/MM/DD'),40000,30,null,null,'ROOT');
Insert into SGMP.PRODUCT (PROD_ID,PROD_NAME,PROD_CNT,PROD_PRICE,PROD_PIC,PROD_MAIN_CATEGORY,PROD_SUB_CATEGORY,PROD_SSUB_CATEGORY,PROD_DATE,PROD_WEARING_PRICE,PROD_CNT_MIN,PROD_FLAG,PROD_MOD_DATE,COMPANY_ID) values ('B030701','리자드스킨 MOOKIE 무키베츠 배트랩 1.1mm',1000,16800,null,'배트','배트 기타 관련용품',null,to_date('19/10/15','RR/MM/DD'),15000,30,null,null,'ROOT');
Insert into SGMP.PRODUCT (PROD_ID,PROD_NAME,PROD_CNT,PROD_PRICE,PROD_PIC,PROD_MAIN_CATEGORY,PROD_SUB_CATEGORY,PROD_SSUB_CATEGORY,PROD_DATE,PROD_WEARING_PRICE,PROD_CNT_MIN,PROD_FLAG,PROD_MOD_DATE,COMPANY_ID) values ('U010702','이보쉴드 WTV6116USSM X-SRZ USA STAR 일체형 유소년 암가드 (화이트/네이비)',100,43000,null,'유소년','유소년 손목밴드/보호장비',null,to_date('19/09/25','RR/MM/DD'),40000,30,null,null,'PRO_A');
Insert into SGMP.PRODUCT (PROD_ID,PROD_NAME,PROD_CNT,PROD_PRICE,PROD_PIC,PROD_MAIN_CATEGORY,PROD_SUB_CATEGORY,PROD_SSUB_CATEGORY,PROD_DATE,PROD_WEARING_PRICE,PROD_CNT_MIN,PROD_FLAG,PROD_MOD_DATE,COMPANY_ID) values ('J040101','데상트 S7124WGL02 WTRD 배팅장갑 (화이트/레드)',210,19000,null,'장갑','베팅 장갑',null,to_date('19/10/15','RR/MM/DD'),15000,30,null,null,'PRO_B');
Insert into SGMP.PRODUCT (PROD_ID,PROD_NAME,PROD_CNT,PROD_PRICE,PROD_PIC,PROD_MAIN_CATEGORY,PROD_SUB_CATEGORY,PROD_SSUB_CATEGORY,PROD_DATE,PROD_WEARING_PRICE,PROD_CNT_MIN,PROD_FLAG,PROD_MOD_DATE,COMPANY_ID) values ('J040102','미즈노 330365RB 나이트호크 배팅장갑 (화이트/블루)',100,33000,null,'장갑','베팅 장갑',null,to_date('19/10/15','RR/MM/DD'),33000,30,null,null,'PRO_A');
Insert into SGMP.PRODUCT (PROD_ID,PROD_NAME,PROD_CNT,PROD_PRICE,PROD_PIC,PROD_MAIN_CATEGORY,PROD_SUB_CATEGORY,PROD_SSUB_CATEGORY,PROD_DATE,PROD_WEARING_PRICE,PROD_CNT_MIN,PROD_FLAG,PROD_MOD_DATE,COMPANY_ID) values ('J123','배트',30,1000,null,'야구','배트','7.0',to_date('19/12/14','RR/MM/DD'),990,10,null,null,'ROOT');
Insert into SGMP.PRODUCT (PROD_ID,PROD_NAME,PROD_CNT,PROD_PRICE,PROD_PIC,PROD_MAIN_CATEGORY,PROD_SUB_CATEGORY,PROD_SSUB_CATEGORY,PROD_DATE,PROD_WEARING_PRICE,PROD_CNT_MIN,PROD_FLAG,PROD_MOD_DATE,COMPANY_ID) values ('J049999','배트',540,1000,null,'야구','배트','7.0',to_date('19/12/16','RR/MM/DD'),990,10,null,null,'ROOT');
REM INSERTING into SGMP.PRODUCT_WEARING
SET DEFINE OFF;
Insert into SGMP.PRODUCT_WEARING (PROD_ID,PROD_WEARING_DATE,PROD_WEARING_CNT,PROD_WEARING_CONDITION,PROD_WEARING_COMPANY_ID,PROD_WEARING_ID,PROD_WEARING_FLG,PROD_WEARING_RELEASE) values ('J040101',to_date('19/10/16','RR/MM/DD'),1,'주문완료','PRO_A','1','0','ROOT');
Insert into SGMP.PRODUCT_WEARING (PROD_ID,PROD_WEARING_DATE,PROD_WEARING_CNT,PROD_WEARING_CONDITION,PROD_WEARING_COMPANY_ID,PROD_WEARING_ID,PROD_WEARING_FLG,PROD_WEARING_RELEASE) values ('J040101',to_date('19/10/16','RR/MM/DD'),2,'출고완료','PRO_B','23','0','ROOT');
Insert into SGMP.PRODUCT_WEARING (PROD_ID,PROD_WEARING_DATE,PROD_WEARING_CNT,PROD_WEARING_CONDITION,PROD_WEARING_COMPANY_ID,PROD_WEARING_ID,PROD_WEARING_FLG,PROD_WEARING_RELEASE) values ('J040101',to_date('19/10/16','RR/MM/DD'),3,'배송중','PRO_A','3','0','ROOT');
Insert into SGMP.PRODUCT_WEARING (PROD_ID,PROD_WEARING_DATE,PROD_WEARING_CNT,PROD_WEARING_CONDITION,PROD_WEARING_COMPANY_ID,PROD_WEARING_ID,PROD_WEARING_FLG,PROD_WEARING_RELEASE) values ('J040101',to_date('19/10/16','RR/MM/DD'),4,'배송중','PRO_A','4','0','ROOT');
Insert into SGMP.PRODUCT_WEARING (PROD_ID,PROD_WEARING_DATE,PROD_WEARING_CNT,PROD_WEARING_CONDITION,PROD_WEARING_COMPANY_ID,PROD_WEARING_ID,PROD_WEARING_FLG,PROD_WEARING_RELEASE) values ('J040101',to_date('19/10/16','RR/MM/DD'),5,'배송중','PRO_A','5','0','ROOT');
Insert into SGMP.PRODUCT_WEARING (PROD_ID,PROD_WEARING_DATE,PROD_WEARING_CNT,PROD_WEARING_CONDITION,PROD_WEARING_COMPANY_ID,PROD_WEARING_ID,PROD_WEARING_FLG,PROD_WEARING_RELEASE) values ('J040101',to_date('19/10/16','RR/MM/DD'),6,'배송중','PRO_A','6','0','ROOT');
Insert into SGMP.PRODUCT_WEARING (PROD_ID,PROD_WEARING_DATE,PROD_WEARING_CNT,PROD_WEARING_CONDITION,PROD_WEARING_COMPANY_ID,PROD_WEARING_ID,PROD_WEARING_FLG,PROD_WEARING_RELEASE) values ('J040101',to_date('19/10/16','RR/MM/DD'),7,'배송중','PRO_A','7','0','ROOT');
Insert into SGMP.PRODUCT_WEARING (PROD_ID,PROD_WEARING_DATE,PROD_WEARING_CNT,PROD_WEARING_CONDITION,PROD_WEARING_COMPANY_ID,PROD_WEARING_ID,PROD_WEARING_FLG,PROD_WEARING_RELEASE) values ('J040101',to_date('19/10/16','RR/MM/DD'),8,'배송중','PRO_A','8','0','ROOT');
Insert into SGMP.PRODUCT_WEARING (PROD_ID,PROD_WEARING_DATE,PROD_WEARING_CNT,PROD_WEARING_CONDITION,PROD_WEARING_COMPANY_ID,PROD_WEARING_ID,PROD_WEARING_FLG,PROD_WEARING_RELEASE) values ('J040101',to_date('19/10/16','RR/MM/DD'),9,'주문완료','PRO_A','9','0','ROOT');
Insert into SGMP.PRODUCT_WEARING (PROD_ID,PROD_WEARING_DATE,PROD_WEARING_CNT,PROD_WEARING_CONDITION,PROD_WEARING_COMPANY_ID,PROD_WEARING_ID,PROD_WEARING_FLG,PROD_WEARING_RELEASE) values ('J040101',to_date('19/10/16','RR/MM/DD'),12,'주문완료','PRO_A','10','0','ROOT');
Insert into SGMP.PRODUCT_WEARING (PROD_ID,PROD_WEARING_DATE,PROD_WEARING_CNT,PROD_WEARING_CONDITION,PROD_WEARING_COMPANY_ID,PROD_WEARING_ID,PROD_WEARING_FLG,PROD_WEARING_RELEASE) values ('J040101',to_date('19/10/16','RR/MM/DD'),13,'주문완료','PRO_A','11','1','PRO_B');
Insert into SGMP.PRODUCT_WEARING (PROD_ID,PROD_WEARING_DATE,PROD_WEARING_CNT,PROD_WEARING_CONDITION,PROD_WEARING_COMPANY_ID,PROD_WEARING_ID,PROD_WEARING_FLG,PROD_WEARING_RELEASE) values ('J040101',to_date('19/10/16','RR/MM/DD'),14,'출고완료','PRO_A','12','0','ROOT');
Insert into SGMP.PRODUCT_WEARING (PROD_ID,PROD_WEARING_DATE,PROD_WEARING_CNT,PROD_WEARING_CONDITION,PROD_WEARING_COMPANY_ID,PROD_WEARING_ID,PROD_WEARING_FLG,PROD_WEARING_RELEASE) values ('J040101',to_date('19/10/16','RR/MM/DD'),15,'출고완료','PRO_A','13','0','ROOT');
Insert into SGMP.PRODUCT_WEARING (PROD_ID,PROD_WEARING_DATE,PROD_WEARING_CNT,PROD_WEARING_CONDITION,PROD_WEARING_COMPANY_ID,PROD_WEARING_ID,PROD_WEARING_FLG,PROD_WEARING_RELEASE) values ('J040101',to_date('19/10/16','RR/MM/DD'),16,'배송중','PRO_B','14','1','PRO_A');
Insert into SGMP.PRODUCT_WEARING (PROD_ID,PROD_WEARING_DATE,PROD_WEARING_CNT,PROD_WEARING_CONDITION,PROD_WEARING_COMPANY_ID,PROD_WEARING_ID,PROD_WEARING_FLG,PROD_WEARING_RELEASE) values ('J040101',to_date('19/10/16','RR/MM/DD'),17,'주문완료','PRO_B','15','0','ROOT');
Insert into SGMP.PRODUCT_WEARING (PROD_ID,PROD_WEARING_DATE,PROD_WEARING_CNT,PROD_WEARING_CONDITION,PROD_WEARING_COMPANY_ID,PROD_WEARING_ID,PROD_WEARING_FLG,PROD_WEARING_RELEASE) values ('J040101',to_date('19/10/16','RR/MM/DD'),83,'주문완료','PRO_B','16','0','ROOT');
Insert into SGMP.PRODUCT_WEARING (PROD_ID,PROD_WEARING_DATE,PROD_WEARING_CNT,PROD_WEARING_CONDITION,PROD_WEARING_COMPANY_ID,PROD_WEARING_ID,PROD_WEARING_FLG,PROD_WEARING_RELEASE) values ('J040101',to_date('19/10/16','RR/MM/DD'),63,'주문완료','PRO_B','17','1','PRO_A');
Insert into SGMP.PRODUCT_WEARING (PROD_ID,PROD_WEARING_DATE,PROD_WEARING_CNT,PROD_WEARING_CONDITION,PROD_WEARING_COMPANY_ID,PROD_WEARING_ID,PROD_WEARING_FLG,PROD_WEARING_RELEASE) values ('J040101',to_date('19/10/16','RR/MM/DD'),34,'출고완료','PRO_B','18','0','ROOT');
Insert into SGMP.PRODUCT_WEARING (PROD_ID,PROD_WEARING_DATE,PROD_WEARING_CNT,PROD_WEARING_CONDITION,PROD_WEARING_COMPANY_ID,PROD_WEARING_ID,PROD_WEARING_FLG,PROD_WEARING_RELEASE) values ('J040101',to_date('19/10/16','RR/MM/DD'),65,'배송중','PRO_B','19','0','ROOT');
Insert into SGMP.PRODUCT_WEARING (PROD_ID,PROD_WEARING_DATE,PROD_WEARING_CNT,PROD_WEARING_CONDITION,PROD_WEARING_COMPANY_ID,PROD_WEARING_ID,PROD_WEARING_FLG,PROD_WEARING_RELEASE) values ('J040101',to_date('19/10/16','RR/MM/DD'),24,'출고완료','PRO_B','20','1','PRO_A');
Insert into SGMP.PRODUCT_WEARING (PROD_ID,PROD_WEARING_DATE,PROD_WEARING_CNT,PROD_WEARING_CONDITION,PROD_WEARING_COMPANY_ID,PROD_WEARING_ID,PROD_WEARING_FLG,PROD_WEARING_RELEASE) values ('J040101',to_date('19/10/16','RR/MM/DD'),78,'출고완료','PRO_B','21','0','ROOT');
Insert into SGMP.PRODUCT_WEARING (PROD_ID,PROD_WEARING_DATE,PROD_WEARING_CNT,PROD_WEARING_CONDITION,PROD_WEARING_COMPANY_ID,PROD_WEARING_ID,PROD_WEARING_FLG,PROD_WEARING_RELEASE) values ('J040101',to_date('19/12/15','RR/MM/DD'),2,'상품준비중','PRO_A','32','0','ROOT');
Insert into SGMP.PRODUCT_WEARING (PROD_ID,PROD_WEARING_DATE,PROD_WEARING_CNT,PROD_WEARING_CONDITION,PROD_WEARING_COMPANY_ID,PROD_WEARING_ID,PROD_WEARING_FLG,PROD_WEARING_RELEASE) values ('U010702',to_date('19/11/10','RR/MM/DD'),30,'상품준비중','PRO_B','26','1','PRO_A');
Insert into SGMP.PRODUCT_WEARING (PROD_ID,PROD_WEARING_DATE,PROD_WEARING_CNT,PROD_WEARING_CONDITION,PROD_WEARING_COMPANY_ID,PROD_WEARING_ID,PROD_WEARING_FLG,PROD_WEARING_RELEASE) values ('J040101',to_date('19/11/10','RR/MM/DD'),20,'출고완료','PRO_B','27','0','ROOT');
Insert into SGMP.PRODUCT_WEARING (PROD_ID,PROD_WEARING_DATE,PROD_WEARING_CNT,PROD_WEARING_CONDITION,PROD_WEARING_COMPANY_ID,PROD_WEARING_ID,PROD_WEARING_FLG,PROD_WEARING_RELEASE) values ('J040102',to_date('19/11/10','RR/MM/DD'),20,'배송중','PRO_A','28','0','ROOT');
Insert into SGMP.PRODUCT_WEARING (PROD_ID,PROD_WEARING_DATE,PROD_WEARING_CNT,PROD_WEARING_CONDITION,PROD_WEARING_COMPANY_ID,PROD_WEARING_ID,PROD_WEARING_FLG,PROD_WEARING_RELEASE) values ('B030101',to_date('19/12/15','RR/MM/DD'),30,'상품준비중','PRO_A','31','0','ROOT');
Insert into SGMP.PRODUCT_WEARING (PROD_ID,PROD_WEARING_DATE,PROD_WEARING_CNT,PROD_WEARING_CONDITION,PROD_WEARING_COMPANY_ID,PROD_WEARING_ID,PROD_WEARING_FLG,PROD_WEARING_RELEASE) values ('U010702',to_date('19/12/13','RR/MM/DD'),30,'상품준비중','PRO_A','29','0','ROOT');
Insert into SGMP.PRODUCT_WEARING (PROD_ID,PROD_WEARING_DATE,PROD_WEARING_CNT,PROD_WEARING_CONDITION,PROD_WEARING_COMPANY_ID,PROD_WEARING_ID,PROD_WEARING_FLG,PROD_WEARING_RELEASE) values ('B030101',to_date('19/12/13','RR/MM/DD'),30,'배송완료','PRO_A','30','0','ROOT');
Insert into SGMP.PRODUCT_WEARING (PROD_ID,PROD_WEARING_DATE,PROD_WEARING_CNT,PROD_WEARING_CONDITION,PROD_WEARING_COMPANY_ID,PROD_WEARING_ID,PROD_WEARING_FLG,PROD_WEARING_RELEASE) values ('J040101',to_date('19/10/16','RR/MM/DD'),10,'출고완료','PRO_B','22','0','ROOT');
Insert into SGMP.PRODUCT_WEARING (PROD_ID,PROD_WEARING_DATE,PROD_WEARING_CNT,PROD_WEARING_CONDITION,PROD_WEARING_COMPANY_ID,PROD_WEARING_ID,PROD_WEARING_FLG,PROD_WEARING_RELEASE) values ('J040102',to_date('19/10/16','RR/MM/DD'),20,'배송중','PRO_A','2','0','ROOT');
REM INSERTING into SGMP.PRODUCT_WEARING_TEMP
SET DEFINE OFF;
REM INSERTING into SGMP.SALE
SET DEFINE OFF;
Insert into SGMP.SALE (SALE_ID,PROD_ID,CUST_ID,SALE_CNT,SALE_DATE,COMPANY_ID) values ('2','B030101','01025093726',11,to_date('19/12/14','RR/MM/DD'),'PRO_A');
Insert into SGMP.SALE (SALE_ID,PROD_ID,CUST_ID,SALE_CNT,SALE_DATE,COMPANY_ID) values ('3','B030101','01025093726',23,to_date('19/12/13','RR/MM/DD'),'PRO_A');
Insert into SGMP.SALE (SALE_ID,PROD_ID,CUST_ID,SALE_CNT,SALE_DATE,COMPANY_ID) values ('4','B030101','01025093726',21,to_date('19/12/15','RR/MM/DD'),'PRO_A');
Insert into SGMP.SALE (SALE_ID,PROD_ID,CUST_ID,SALE_CNT,SALE_DATE,COMPANY_ID) values ('5','B030101','01025093726',31,to_date('19/12/14','RR/MM/DD'),'PRO_A');
Insert into SGMP.SALE (SALE_ID,PROD_ID,CUST_ID,SALE_CNT,SALE_DATE,COMPANY_ID) values ('1','G020401','01025093726',22,to_date('19/12/13','RR/MM/DD'),'PRO_A');
Insert into SGMP.SALE (SALE_ID,PROD_ID,CUST_ID,SALE_CNT,SALE_DATE,COMPANY_ID) values ('2','G020401','01025093726',11,to_date('19/12/14','RR/MM/DD'),'PRO_A');
Insert into SGMP.SALE (SALE_ID,PROD_ID,CUST_ID,SALE_CNT,SALE_DATE,COMPANY_ID) values ('3','G020401','01025093726',13,to_date('19/12/15','RR/MM/DD'),'PRO_A');
Insert into SGMP.SALE (SALE_ID,PROD_ID,CUST_ID,SALE_CNT,SALE_DATE,COMPANY_ID) values ('4','G020401','01025093726',14,to_date('19/12/14','RR/MM/DD'),'PRO_A');
Insert into SGMP.SALE (SALE_ID,PROD_ID,CUST_ID,SALE_CNT,SALE_DATE,COMPANY_ID) values ('5','G020401','01025093726',30,to_date('19/12/15','RR/MM/DD'),'PRO_A');
Insert into SGMP.SALE (SALE_ID,PROD_ID,CUST_ID,SALE_CNT,SALE_DATE,COMPANY_ID) values ('4','B030102','01025093726',30,to_date('19/12/13','RR/MM/DD'),'PRO_B');
Insert into SGMP.SALE (SALE_ID,PROD_ID,CUST_ID,SALE_CNT,SALE_DATE,COMPANY_ID) values ('1','B030101','01025093726',10,to_date('19/12/15','RR/MM/DD'),'PRO_A');
REM INSERTING into SGMP.SHOPPING_BASKET
SET DEFINE OFF;
REM INSERTING into SGMP.USER_TABLE
SET DEFINE OFF;
Insert into SGMP.USER_TABLE (USER_ID,USER_PW) values ('PRO_A','123456');
Insert into SGMP.USER_TABLE (USER_ID,USER_PW) values ('admin','admin');
Insert into SGMP.USER_TABLE (USER_ID,USER_PW) values ('PRO_B','1234');
Insert into SGMP.USER_TABLE (USER_ID,USER_PW) values ('PRO_C','1234');
--------------------------------------------------------
--  DDL for Index CUST_PK
--------------------------------------------------------

  CREATE UNIQUE INDEX "SGMP"."CUST_PK" ON "SGMP"."CUSTOMER" ("CUST_ID") 
  PCTFREE 10 INITRANS 2 MAXTRANS 255 COMPUTE STATISTICS 
  STORAGE(INITIAL 65536 NEXT 1048576 MINEXTENTS 1 MAXEXTENTS 2147483645
  PCTINCREASE 0 FREELISTS 1 FREELIST GROUPS 1 BUFFER_POOL DEFAULT FLASH_CACHE DEFAULT CELL_FLASH_CACHE DEFAULT)
  TABLESPACE "SYSTEM" ;
--------------------------------------------------------
--  DDL for Index MENT_PK
--------------------------------------------------------

  CREATE UNIQUE INDEX "SGMP"."MENT_PK" ON "SGMP"."MENT" ("MENT_ID") 
  PCTFREE 10 INITRANS 2 MAXTRANS 255 COMPUTE STATISTICS 
  STORAGE(INITIAL 65536 NEXT 1048576 MINEXTENTS 1 MAXEXTENTS 2147483645
  PCTINCREASE 0 FREELISTS 1 FREELIST GROUPS 1 BUFFER_POOL DEFAULT FLASH_CACHE DEFAULT CELL_FLASH_CACHE DEFAULT)
  TABLESPACE "SYSTEM" ;
--------------------------------------------------------
--  DDL for Index NOTICE_PK
--------------------------------------------------------

  CREATE UNIQUE INDEX "SGMP"."NOTICE_PK" ON "SGMP"."NOTICE" ("NO_BID") 
  PCTFREE 10 INITRANS 2 MAXTRANS 255 COMPUTE STATISTICS 
  STORAGE(INITIAL 65536 NEXT 1048576 MINEXTENTS 1 MAXEXTENTS 2147483645
  PCTINCREASE 0 FREELISTS 1 FREELIST GROUPS 1 BUFFER_POOL DEFAULT FLASH_CACHE DEFAULT CELL_FLASH_CACHE DEFAULT)
  TABLESPACE "SYSTEM" ;
--------------------------------------------------------
--  DDL for Index PRODUCT_WEARING_PK
--------------------------------------------------------

  CREATE UNIQUE INDEX "SGMP"."PRODUCT_WEARING_PK" ON "SGMP"."PRODUCT_WEARING" ("PROD_WEARING_ID") 
  PCTFREE 10 INITRANS 2 MAXTRANS 255 COMPUTE STATISTICS 
  STORAGE(INITIAL 65536 NEXT 1048576 MINEXTENTS 1 MAXEXTENTS 2147483645
  PCTINCREASE 0 FREELISTS 1 FREELIST GROUPS 1 BUFFER_POOL DEFAULT FLASH_CACHE DEFAULT CELL_FLASH_CACHE DEFAULT)
  TABLESPACE "SYSTEM" ;
--------------------------------------------------------
--  DDL for Procedure MONTH_OR_QUARTERLY
--------------------------------------------------------
set define off;

  CREATE OR REPLACE PROCEDURE "SGMP"."MONTH_OR_QUARTERLY" (cus_id in varchar2,year1 in varchar2, quarter in varchar2)
is
v_month_or_quarterly varchar2(100);
v_all_price varchar2(100);

CURSOR query1 is
    select to_char(t10.sale_date,'yyyy-MM') as 월별, to_char(sum(t10.sale_cnt * t20.prod_price),'999,999,999,999') as 구매금액
    from sale t10, product t20, customer t30
    where t10.prod_id = t20.prod_id
    and t10.cust_id = t30.cust_id
    and t30.cust_id = cus_id
    and to_date(t10.sale_date) between to_date(year1||'-01-01') and to_date(year1||'-12-31')
    group by to_char(t10.sale_date,'yyyy-MM'),t30.cust_name
    order by to_char(t10.sale_date,'yyyy-MM'),t30.cust_name;

CURSOR query2 is
    with T as(
    select '1분기' as 분기, to_char(sum(t10.sale_cnt * t20.prod_price),'999,999,999,999') as 구매금액
    from sale t10, product t20, customer t30
    where t10.prod_id = t20.prod_id
    and t10.cust_id = t30.cust_id
    and t30.cust_id = cus_id
    and to_date(t10.sale_date) between to_date(year1||'-01-01') and to_date(year1||'-03-31')
    group by t30.cust_name UNION ALL
    select '2분기' as 분기, to_char(sum(t10.sale_cnt * t20.prod_price),'999,999,999,999') as 구매금액
    from sale t10, product t20, customer t30
    where t10.prod_id = t20.prod_id
    and t10.cust_id = t30.cust_id
    and t30.cust_id = cus_id
    and to_date(t10.sale_date) between to_date(year1||'-04-01') and to_date(year1||'-06-30')
    group by t30.cust_name UNION ALL
    select '3분기' as 분기, to_char(sum(t10.sale_cnt * t20.prod_price),'999,999,999,999') as 구매금액
    from sale t10, product t20, customer t30
    where t10.prod_id = t20.prod_id
    and t10.cust_id = t30.cust_id
    and t30.cust_id = cus_id
    and to_date(t10.sale_date) between to_date(year1||'-07-01') and to_date(year1||'-09-30')
    group by t30.cust_name UNION ALL
    select '4분기' as 분기, to_char(sum(t10.sale_cnt * t20.prod_price),'999,999,999,999') as 구매금액
    from sale t10, product t20, customer t30
    where t10.prod_id = t20.prod_id
    and t10.cust_id = t30.cust_id
    and t30.cust_id = cus_id
    and to_date(t10.sale_date) between to_date(year1||'-10-01') and to_date(year1||'-12-31')
    group by t30.cust_name
    )
    select *
    from T;

begin
    if quarter = '월' then
        DBMS_OUTPUT.PUT_LINE('월별 구매 금액');
        DBMS_OUTPUT.PUT_LINE('=================================================================================');
        open query1;
        loop
        fetch query1 into v_month_or_quarterly, v_all_price;
        exit when query1%NOTFOUND;

        DBMS_OUTPUT.PUT_LINE(v_month_or_quarterly||'|'||v_all_price);
        end loop;
    end if;
   if quarter = '분기' then
        DBMS_OUTPUT.PUT_LINE('분기별 구매 금액');
        DBMS_OUTPUT.PUT_LINE('=================================================================================');
        open query2;
        loop
        fetch query2 into v_month_or_quarterly, v_all_price;
        exit when query2%NOTFOUND;

        DBMS_OUTPUT.PUT_LINE(v_month_or_quarterly||'|'||v_all_price);
        end loop;
    end if;
end month_or_quarterly;

/
--------------------------------------------------------
--  DDL for Procedure QUARTERLY
--------------------------------------------------------
set define off;

  CREATE OR REPLACE PROCEDURE "SGMP"."QUARTERLY" (year1 in varchar2, quarter in varchar2)
is
v_category varchar2(100);
v_all_price varchar2(100);
v_all_wearing_price varchar2(100);
v_net_profit_price varchar2(100);

CURSOR quarters1 is
    select 
    t20.prod_main_category as 분류, 
    to_char(sum(t10.sale_cnt * t20.prod_price),'999,999,999') as 총판매금액, 
    to_char(sum(t10.sale_cnt * t20.prod_wearing_price),'999,999,999') as 총입고가격, 
    to_char(sum(t10.sale_cnt * t20.prod_price)-sum(t10.sale_cnt * t20.prod_wearing_price),'999,999,999') as 총순이익
    from 
    (select * 
    from sale 
    where to_date(sale_date) between to_date(year1||'-01-01') 
    and to_date(year1||'-03-31')) t10,
    product t20
    where t10.prod_id = t20.prod_id
    group by t20.prod_main_category;

CURSOR quarters2 is
    select 
    t20.prod_main_category as 분류, 
    to_char(sum(t10.sale_cnt * t20.prod_price),'999,999,999') as 총판매금액, 
    to_char(sum(t10.sale_cnt * t20.prod_wearing_price),'999,999,999') as 총입고가격, 
    to_char(sum(t10.sale_cnt * t20.prod_price)-sum(t10.sale_cnt * t20.prod_wearing_price),'999,999,999') as 총순이익
    from 
    (select * 
    from sale 
    where to_date(sale_date) between to_date(year1||'-04-01') 
    and to_date(year1||'-06-30')) t10,
    product t20
    where t10.prod_id = t20.prod_id
    group by t20.prod_main_category;

CURSOR quarters3 is
    select 
    t20.prod_main_category as 분류, 
    to_char(sum(t10.sale_cnt * t20.prod_price),'999,999,999') as 총판매금액, 
    to_char(sum(t10.sale_cnt * t20.prod_wearing_price),'999,999,999') as 총입고가격, 
    to_char(sum(t10.sale_cnt * t20.prod_price)-sum(t10.sale_cnt * t20.prod_wearing_price),'999,999,999') as 총순이익
    from 
    (select * 
    from sale 
    where to_date(sale_date) between to_date(year1||'-07-01') 
    and to_date(year1||'-09-30')) t10,
    product t20
    where t10.prod_id = t20.prod_id
    group by t20.prod_main_category;

CURSOR quarters4 is
    select 
    t20.prod_main_category as 분류, 
    to_char(sum(t10.sale_cnt * t20.prod_price),'999,999,999') as 총판매금액, 
    to_char(sum(t10.sale_cnt * t20.prod_wearing_price),'999,999,999') as 총입고가격, 
    to_char(sum(t10.sale_cnt * t20.prod_price)-sum(t10.sale_cnt * t20.prod_wearing_price),'999,999,999') as 총순이익
    from 
    (select * 
    from sale 
    where to_date(sale_date) between to_date(year1||'-10-01') 
    and to_date(year1||'-12-31')) t10,
    product t20
    where t10.prod_id = t20.prod_id
    group by t20.prod_main_category;

begin
    if quarter = '1분기' then
        DBMS_OUTPUT.PUT_LINE('1분기 대분류별 총판매금액, 총입고가격, 총순이익');
        DBMS_OUTPUT.PUT_LINE('=================================================================================');
        open quarters1;
        loop
        fetch quarters1 into v_category, v_all_price, v_all_wearing_price, v_net_profit_price;
        exit when quarters1%NOTFOUND;

        DBMS_OUTPUT.PUT_LINE(v_category||'|'||v_all_price||'|'||v_all_wearing_price||'|'||v_net_profit_price);
        end loop;
    end if;
    if quarter = '2분기' then
        DBMS_OUTPUT.PUT_LINE('2분기 대분류별 총판매금액, 총입고가격, 총순이익');
        DBMS_OUTPUT.PUT_LINE('=================================================================================');
        open quarters2;
        loop
        fetch quarters2 into v_category, v_all_price, v_all_wearing_price, v_net_profit_price;
        exit when quarters2%NOTFOUND;

        DBMS_OUTPUT.PUT_LINE(v_category||'|'||v_all_price||'|'||v_all_wearing_price||'|'||v_net_profit_price);
        end loop;
    end if;
    if quarter = '3분기' then
        DBMS_OUTPUT.PUT_LINE('3분기 대분류별 총판매금액, 총입고가격, 총순이익');
        DBMS_OUTPUT.PUT_LINE('=================================================================================');
        open quarters3;
        loop
        fetch quarters3 into v_category, v_all_price, v_all_wearing_price, v_net_profit_price;
        exit when quarters3%NOTFOUND;

        DBMS_OUTPUT.PUT_LINE(v_category||'|'||v_all_price||'|'||v_all_wearing_price||'|'||v_net_profit_price);
        end loop;
    end if;
    if quarter = '4분기' then
        DBMS_OUTPUT.PUT_LINE('4분기 대분류별 총판매금액, 총입고가격, 총순이익');
        DBMS_OUTPUT.PUT_LINE('=================================================================================');
        open quarters4;
        loop
        fetch quarters4 into v_category, v_all_price, v_all_wearing_price, v_net_profit_price;
        exit when quarters4%NOTFOUND;

        DBMS_OUTPUT.PUT_LINE(v_category||'|'||v_all_price||'|'||v_all_wearing_price||'|'||v_net_profit_price);
        end loop;
    end if;
end quarterly;

/
--------------------------------------------------------
--  DDL for Procedure TEMP
--------------------------------------------------------
set define off;

  CREATE OR REPLACE PROCEDURE "SGMP"."TEMP" 
is
begin
    DBMS_OUTPUT.PUT_LINE('==================');
end;

/
--------------------------------------------------------
--  Constraints for Table CUSTOMER
--------------------------------------------------------

  ALTER TABLE "SGMP"."CUSTOMER" ADD CONSTRAINT "CUST_PK" PRIMARY KEY ("CUST_ID")
  USING INDEX PCTFREE 10 INITRANS 2 MAXTRANS 255 COMPUTE STATISTICS 
  STORAGE(INITIAL 65536 NEXT 1048576 MINEXTENTS 1 MAXEXTENTS 2147483645
  PCTINCREASE 0 FREELISTS 1 FREELIST GROUPS 1 BUFFER_POOL DEFAULT FLASH_CACHE DEFAULT CELL_FLASH_CACHE DEFAULT)
  TABLESPACE "SYSTEM"  ENABLE;
  ALTER TABLE "SGMP"."CUSTOMER" MODIFY ("CUST_DATE" NOT NULL ENABLE);
  ALTER TABLE "SGMP"."CUSTOMER" MODIFY ("CUST_NAME" NOT NULL ENABLE);
  ALTER TABLE "SGMP"."CUSTOMER" MODIFY ("CUST_ID" NOT NULL ENABLE);
--------------------------------------------------------
--  Constraints for Table MENT
--------------------------------------------------------

  ALTER TABLE "SGMP"."MENT" MODIFY ("MENT_ID" NOT NULL ENABLE);
  ALTER TABLE "SGMP"."MENT" ADD CONSTRAINT "MENT_PK" PRIMARY KEY ("MENT_ID")
  USING INDEX PCTFREE 10 INITRANS 2 MAXTRANS 255 COMPUTE STATISTICS 
  STORAGE(INITIAL 65536 NEXT 1048576 MINEXTENTS 1 MAXEXTENTS 2147483645
  PCTINCREASE 0 FREELISTS 1 FREELIST GROUPS 1 BUFFER_POOL DEFAULT FLASH_CACHE DEFAULT CELL_FLASH_CACHE DEFAULT)
  TABLESPACE "SYSTEM"  ENABLE;
--------------------------------------------------------
--  Constraints for Table NOTICE
--------------------------------------------------------

  ALTER TABLE "SGMP"."NOTICE" MODIFY ("NO_BID" NOT NULL ENABLE);
  ALTER TABLE "SGMP"."NOTICE" ADD CONSTRAINT "NOTICE_PK" PRIMARY KEY ("NO_BID")
  USING INDEX PCTFREE 10 INITRANS 2 MAXTRANS 255 COMPUTE STATISTICS 
  STORAGE(INITIAL 65536 NEXT 1048576 MINEXTENTS 1 MAXEXTENTS 2147483645
  PCTINCREASE 0 FREELISTS 1 FREELIST GROUPS 1 BUFFER_POOL DEFAULT FLASH_CACHE DEFAULT CELL_FLASH_CACHE DEFAULT)
  TABLESPACE "SYSTEM"  ENABLE;
--------------------------------------------------------
--  Constraints for Table PRODUCT
--------------------------------------------------------

  ALTER TABLE "SGMP"."PRODUCT" MODIFY ("PROD_ID" NOT NULL ENABLE);
--------------------------------------------------------
--  Constraints for Table PRODUCT_WEARING
--------------------------------------------------------

  ALTER TABLE "SGMP"."PRODUCT_WEARING" ADD CONSTRAINT "PRODUCT_WEARING_PK" PRIMARY KEY ("PROD_WEARING_ID")
  USING INDEX PCTFREE 10 INITRANS 2 MAXTRANS 255 COMPUTE STATISTICS 
  STORAGE(INITIAL 65536 NEXT 1048576 MINEXTENTS 1 MAXEXTENTS 2147483645
  PCTINCREASE 0 FREELISTS 1 FREELIST GROUPS 1 BUFFER_POOL DEFAULT FLASH_CACHE DEFAULT CELL_FLASH_CACHE DEFAULT)
  TABLESPACE "SYSTEM"  ENABLE;
  ALTER TABLE "SGMP"."PRODUCT_WEARING" MODIFY ("PROD_WEARING_ID" NOT NULL ENABLE);
--------------------------------------------------------
--  Constraints for Table SALE
--------------------------------------------------------

  ALTER TABLE "SGMP"."SALE" MODIFY ("SALE_DATE" NOT NULL ENABLE);
  ALTER TABLE "SGMP"."SALE" MODIFY ("CUST_ID" NOT NULL ENABLE);
  ALTER TABLE "SGMP"."SALE" MODIFY ("PROD_ID" NOT NULL ENABLE);
  ALTER TABLE "SGMP"."SALE" MODIFY ("SALE_ID" NOT NULL ENABLE);
--------------------------------------------------------
--  Constraints for Table USER_TABLE
--------------------------------------------------------

  ALTER TABLE "SGMP"."USER_TABLE" MODIFY ("USER_PW" NOT NULL ENABLE);
  ALTER TABLE "SGMP"."USER_TABLE" MODIFY ("USER_ID" NOT NULL ENABLE);
